Copyright 1986-2018 Xilinx, Inc. All Rights Reserved.
-----------------------------------------------------------------------------------------------------------------------------------------------------------------------------------------------------------------------
| Tool Version : Vivado v.2018.2 (win64) Build 2258646 Thu Jun 14 20:03:12 MDT 2018
| Date         : Mon Sep 14 06:34:02 2026
| Host         : LAPTOP-QVS8AKA9 running 64-bit major release  (build 9200)
| Command      : report_timing_summary -max_paths 10 -file design_1_wrapper_timing_summary_routed.rpt -pb design_1_wrapper_timing_summary_routed.pb -rpx design_1_wrapper_timing_summary_routed.rpx -warn_on_violation
| Design       : design_1_wrapper
| Device       : 7z020-clg400
| Speed File   : -1  PRODUCTION 1.11 2014-09-11
-----------------------------------------------------------------------------------------------------------------------------------------------------------------------------------------------------------------------

Timing Summary Report

------------------------------------------------------------------------------------------------
| Timer Settings
| --------------
------------------------------------------------------------------------------------------------

  Enable Multi Corner Analysis               :  Yes
  Enable Pessimism Removal                   :  Yes
  Pessimism Removal Resolution               :  Nearest Common Node
  Enable Input Delay Default Clock           :  No
  Enable Preset / Clear Arcs                 :  No
  Disable Flight Delays                      :  No
  Ignore I/O Paths                           :  No
  Timing Early Launch at Borrowing Latches   :  false

  Corner  Analyze    Analyze    
  Name    Max Paths  Min Paths  
  ------  ---------  ---------  
  Slow    Yes        Yes        
  Fast    Yes        Yes        



check_timing report

Table of Contents
-----------------
1. checking no_clock
2. checking constant_clock
3. checking pulse_width_clock
4. checking unconstrained_internal_endpoints
5. checking no_input_delay
6. checking no_output_delay
7. checking multiple_clock
8. checking generated_clocks
9. checking loops
10. checking partial_input_delay
11. checking partial_output_delay
12. checking latch_loops

1. checking no_clock
--------------------
 There are 0 register/latch pins with no clock.


2. checking constant_clock
--------------------------
 There are 0 register/latch pins with constant_clock.


3. checking pulse_width_clock
-----------------------------
 There are 0 register/latch pins which need pulse_width check


4. checking unconstrained_internal_endpoints
--------------------------------------------
 There are 0 pins that are not constrained for maximum delay.

 There are 0 pins that are not constrained for maximum delay due to constant clock.


5. checking no_input_delay
--------------------------
 There are 0 input ports with no input delay specified.

 There are 0 input ports with no input delay but user has a false path constraint.


6. checking no_output_delay
---------------------------
 There are 0 ports with no output delay specified.

 There are 0 ports with no output delay but user has a false path constraint

 There are 0 ports with no output delay but with a timing clock defined on it or propagating through it


7. checking multiple_clock
--------------------------
 There are 0 register/latch pins with multiple clocks.


8. checking generated_clocks
----------------------------
 There are 0 generated clocks that are not connected to a clock source.


9. checking loops
-----------------
 There are 0 combinational loops in the design.


10. checking partial_input_delay
--------------------------------
 There are 0 input ports with partial input delay specified.


11. checking partial_output_delay
---------------------------------
 There are 0 ports with partial output delay specified.


12. checking latch_loops
------------------------
 There are 0 combinational latch loops in the design through latch input



------------------------------------------------------------------------------------------------
| Design Timing Summary
| ---------------------
------------------------------------------------------------------------------------------------

    WNS(ns)      TNS(ns)  TNS Failing Endpoints  TNS Total Endpoints      WHS(ns)      THS(ns)  THS Failing Endpoints  THS Total Endpoints     WPWS(ns)     TPWS(ns)  TPWS Failing Endpoints  TPWS Total Endpoints  
    -------      -------  ---------------------  -------------------      -------      -------  ---------------------  -------------------     --------     --------  ----------------------  --------------------  
      0.068        0.000                      0                69568        0.051        0.000                      0                69568        4.750        0.000                       0                 22880  


All user specified timing constraints are met.


------------------------------------------------------------------------------------------------
| Clock Summary
| -------------
------------------------------------------------------------------------------------------------

Clock       Waveform(ns)       Period(ns)      Frequency(MHz)
-----       ------------       ----------      --------------
clk_fpga_0  {0.000 6.000}      12.000          83.333          


------------------------------------------------------------------------------------------------
| Intra Clock Table
| -----------------
------------------------------------------------------------------------------------------------

Clock             WNS(ns)      TNS(ns)  TNS Failing Endpoints  TNS Total Endpoints      WHS(ns)      THS(ns)  THS Failing Endpoints  THS Total Endpoints     WPWS(ns)     TPWS(ns)  TPWS Failing Endpoints  TPWS Total Endpoints  
-----             -------      -------  ---------------------  -------------------      -------      -------  ---------------------  -------------------     --------     --------  ----------------------  --------------------  
clk_fpga_0          0.068        0.000                      0                69568        0.051        0.000                      0                69568        4.750        0.000                       0                 22880  


------------------------------------------------------------------------------------------------
| Inter Clock Table
| -----------------
------------------------------------------------------------------------------------------------

From Clock    To Clock          WNS(ns)      TNS(ns)  TNS Failing Endpoints  TNS Total Endpoints      WHS(ns)      THS(ns)  THS Failing Endpoints  THS Total Endpoints  
----------    --------          -------      -------  ---------------------  -------------------      -------      -------  ---------------------  -------------------  


------------------------------------------------------------------------------------------------
| Other Path Groups Table
| -----------------------
------------------------------------------------------------------------------------------------

Path Group    From Clock    To Clock          WNS(ns)      TNS(ns)  TNS Failing Endpoints  TNS Total Endpoints      WHS(ns)      THS(ns)  THS Failing Endpoints  THS Total Endpoints  
----------    ----------    --------          -------      -------  ---------------------  -------------------      -------      -------  ---------------------  -------------------  


------------------------------------------------------------------------------------------------
| Timing Details
| --------------
------------------------------------------------------------------------------------------------


---------------------------------------------------------------------------------------------------
From Clock:  clk_fpga_0
  To Clock:  clk_fpga_0

Setup :            0  Failing Endpoints,  Worst Slack        0.068ns,  Total Violation        0.000ns
Hold  :            0  Failing Endpoints,  Worst Slack        0.051ns,  Total Violation        0.000ns
PW    :            0  Failing Endpoints,  Worst Slack        4.750ns,  Total Violation        0.000ns
---------------------------------------------------------------------------------------------------


Max Delay Paths
--------------------------------------------------------------------------------------
Slack (MET) :             0.068ns  (required time - arrival time)
  Source:                 design_1_i/mobilenet_0/inst/ap_CS_fsm_reg[236]/C
                            (rising edge-triggered cell FDRE clocked by clk_fpga_0  {rise@0.000ns fall@6.000ns period=12.000ns})
  Destination:            design_1_i/mobilenet_0/inst/grp_load_weight_2D_from_s_fu_7189/tmp_78_cast_reg_390_reg[4]/D
                            (rising edge-triggered cell FDRE clocked by clk_fpga_0  {rise@0.000ns fall@6.000ns period=12.000ns})
  Path Group:             clk_fpga_0
  Path Type:              Setup (Max at Slow Process Corner)
  Requirement:            12.000ns  (clk_fpga_0 rise@12.000ns - clk_fpga_0 rise@0.000ns)
  Data Path Delay:        11.630ns  (logic 3.060ns (26.312%)  route 8.570ns (73.688%))
  Logic Levels:           21  (LUT4=1 LUT5=1 LUT6=19)
  Clock Path Skew:        -0.148ns (DCD - SCD + CPR)
    Destination Clock Delay (DCD):    2.741ns = ( 14.741 - 12.000 ) 
    Source Clock Delay      (SCD):    3.004ns
    Clock Pessimism Removal (CPR):    0.115ns
  Clock Uncertainty:      0.183ns  ((TSJ^2 + TIJ^2)^1/2 + DJ) / 2 + PE
    Total System Jitter     (TSJ):    0.071ns
    Total Input Jitter      (TIJ):    0.360ns
    Discrete Jitter          (DJ):    0.000ns
    Phase Error              (PE):    0.000ns

    Location             Delay type                Incr(ns)  Path(ns)    Netlist Resource(s)
  -------------------------------------------------------------------    -------------------
                         (clock clk_fpga_0 rise edge)
                                                      0.000     0.000 r  
    PS7_X0Y0             PS7                          0.000     0.000 r  design_1_i/processing_system7_0/inst/PS7_i/FCLKCLK[0]
                         net (fo=1, routed)           1.193     1.193    design_1_i/processing_system7_0/inst/FCLK_CLK_unbuffered[0]
    BUFGCTRL_X0Y16       BUFG (Prop_bufg_I_O)         0.101     1.294 r  design_1_i/processing_system7_0/inst/buffer_fclk_clk_0.FCLK_CLK_0_BUFG/O
                         net (fo=22920, routed)       1.710     3.004    design_1_i/mobilenet_0/inst/ap_clk
    SLICE_X84Y68         FDRE                                         r  design_1_i/mobilenet_0/inst/ap_CS_fsm_reg[236]/C
  -------------------------------------------------------------------    -------------------
    SLICE_X84Y68         FDRE (Prop_fdre_C_Q)         0.456     3.460 f  design_1_i/mobilenet_0/inst/ap_CS_fsm_reg[236]/Q
                         net (fo=5, routed)           0.687     4.147    design_1_i/mobilenet_0/inst/grp_load_weight_2D_from_s_fu_7189/Q[13]
    SLICE_X84Y68         LUT4 (Prop_lut4_I0_O)        0.124     4.271 f  design_1_i/mobilenet_0/inst/grp_load_weight_2D_from_s_fu_7189/tmp_78_cast_reg_390[5]_i_122/O
                         net (fo=6, routed)           0.586     4.857    design_1_i/mobilenet_0/inst/grp_load_weight_2D_from_s_fu_7189/grp_load_weight_2D_from_s_fu_7189_src_V_offset_offset119_out
    SLICE_X84Y64         LUT5 (Prop_lut5_I4_O)        0.124     4.981 r  design_1_i/mobilenet_0/inst/grp_load_weight_2D_from_s_fu_7189/tmp_78_cast_reg_390[4]_i_153/O
                         net (fo=1, routed)           0.426     5.407    design_1_i/mobilenet_0/inst/grp_load_weight_2D_from_s_fu_7189/tmp_78_cast_reg_390[4]_i_153_n_17
    SLICE_X83Y63         LUT6 (Prop_lut6_I3_O)        0.124     5.531 r  design_1_i/mobilenet_0/inst/grp_load_weight_2D_from_s_fu_7189/tmp_78_cast_reg_390[4]_i_146/O
                         net (fo=1, routed)           0.452     5.983    design_1_i/mobilenet_0/inst/grp_load_weight_2D_from_s_fu_7189/tmp_78_cast_reg_390[4]_i_146_n_17
    SLICE_X83Y62         LUT6 (Prop_lut6_I3_O)        0.124     6.107 r  design_1_i/mobilenet_0/inst/grp_load_weight_2D_from_s_fu_7189/tmp_78_cast_reg_390[4]_i_139/O
                         net (fo=1, routed)           0.961     7.068    design_1_i/mobilenet_0/inst/grp_load_weight_2D_from_s_fu_7189/tmp_78_cast_reg_390[4]_i_139_n_17
    SLICE_X82Y60         LUT6 (Prop_lut6_I2_O)        0.124     7.192 r  design_1_i/mobilenet_0/inst/grp_load_weight_2D_from_s_fu_7189/tmp_78_cast_reg_390[4]_i_130/O
                         net (fo=1, routed)           0.319     7.512    design_1_i/mobilenet_0/inst/grp_load_weight_2D_from_s_fu_7189/tmp_78_cast_reg_390[4]_i_130_n_17
    SLICE_X80Y59         LUT6 (Prop_lut6_I3_O)        0.124     7.636 r  design_1_i/mobilenet_0/inst/grp_load_weight_2D_from_s_fu_7189/tmp_78_cast_reg_390[4]_i_119/O
                         net (fo=1, routed)           0.557     8.193    design_1_i/mobilenet_0/inst/grp_load_weight_2D_from_s_fu_7189/tmp_78_cast_reg_390[4]_i_119_n_17
    SLICE_X80Y56         LUT6 (Prop_lut6_I3_O)        0.124     8.317 r  design_1_i/mobilenet_0/inst/grp_load_weight_2D_from_s_fu_7189/tmp_78_cast_reg_390[4]_i_109/O
                         net (fo=1, routed)           0.489     8.806    design_1_i/mobilenet_0/inst/grp_load_weight_2D_from_s_fu_7189/tmp_78_cast_reg_390[4]_i_109_n_17
    SLICE_X80Y54         LUT6 (Prop_lut6_I3_O)        0.124     8.930 r  design_1_i/mobilenet_0/inst/grp_load_weight_2D_from_s_fu_7189/tmp_78_cast_reg_390[4]_i_101/O
                         net (fo=1, routed)           0.302     9.232    design_1_i/mobilenet_0/inst/grp_load_weight_2D_from_s_fu_7189/tmp_78_cast_reg_390[4]_i_101_n_17
    SLICE_X80Y52         LUT6 (Prop_lut6_I3_O)        0.124     9.356 r  design_1_i/mobilenet_0/inst/grp_load_weight_2D_from_s_fu_7189/tmp_78_cast_reg_390[4]_i_93/O
                         net (fo=1, routed)           0.708    10.064    design_1_i/mobilenet_0/inst/grp_load_weight_2D_from_s_fu_7189/tmp_78_cast_reg_390[4]_i_93_n_17
    SLICE_X76Y49         LUT6 (Prop_lut6_I3_O)        0.124    10.188 r  design_1_i/mobilenet_0/inst/grp_load_weight_2D_from_s_fu_7189/tmp_78_cast_reg_390[4]_i_84/O
                         net (fo=1, routed)           0.280    10.468    design_1_i/mobilenet_0/inst/grp_load_weight_2D_from_s_fu_7189/tmp_78_cast_reg_390[4]_i_84_n_17
    SLICE_X76Y49         LUT6 (Prop_lut6_I3_O)        0.124    10.592 r  design_1_i/mobilenet_0/inst/grp_load_weight_2D_from_s_fu_7189/tmp_78_cast_reg_390[4]_i_75/O
                         net (fo=1, routed)           0.159    10.751    design_1_i/mobilenet_0/inst/grp_load_weight_2D_from_s_fu_7189/tmp_78_cast_reg_390[4]_i_75_n_17
    SLICE_X76Y49         LUT6 (Prop_lut6_I3_O)        0.124    10.875 r  design_1_i/mobilenet_0/inst/grp_load_weight_2D_from_s_fu_7189/tmp_78_cast_reg_390[4]_i_67/O
                         net (fo=1, routed)           0.303    11.177    design_1_i/mobilenet_0/inst/grp_load_weight_2D_from_s_fu_7189/tmp_78_cast_reg_390[4]_i_67_n_17
    SLICE_X76Y47         LUT6 (Prop_lut6_I3_O)        0.124    11.301 r  design_1_i/mobilenet_0/inst/grp_load_weight_2D_from_s_fu_7189/tmp_78_cast_reg_390[4]_i_58/O
                         net (fo=1, routed)           0.299    11.600    design_1_i/mobilenet_0/inst/grp_load_weight_2D_from_s_fu_7189/tmp_78_cast_reg_390[4]_i_58_n_17
    SLICE_X76Y46         LUT6 (Prop_lut6_I3_O)        0.124    11.724 r  design_1_i/mobilenet_0/inst/grp_load_weight_2D_from_s_fu_7189/tmp_78_cast_reg_390[4]_i_49/O
                         net (fo=1, routed)           0.293    12.017    design_1_i/mobilenet_0/inst/grp_load_weight_2D_from_s_fu_7189/tmp_78_cast_reg_390[4]_i_49_n_17
    SLICE_X77Y44         LUT6 (Prop_lut6_I3_O)        0.124    12.141 r  design_1_i/mobilenet_0/inst/grp_load_weight_2D_from_s_fu_7189/tmp_78_cast_reg_390[4]_i_42/O
                         net (fo=1, routed)           0.463    12.604    design_1_i/mobilenet_0/inst/grp_load_weight_2D_from_s_fu_7189/tmp_78_cast_reg_390[4]_i_42_n_17
    SLICE_X78Y44         LUT6 (Prop_lut6_I3_O)        0.124    12.728 r  design_1_i/mobilenet_0/inst/grp_load_weight_2D_from_s_fu_7189/tmp_78_cast_reg_390[4]_i_33/O
                         net (fo=1, routed)           0.159    12.886    design_1_i/mobilenet_0/inst/grp_load_weight_2D_from_s_fu_7189/tmp_78_cast_reg_390[4]_i_33_n_17
    SLICE_X78Y44         LUT6 (Prop_lut6_I3_O)        0.124    13.010 r  design_1_i/mobilenet_0/inst/grp_load_weight_2D_from_s_fu_7189/tmp_78_cast_reg_390[4]_i_23/O
                         net (fo=1, routed)           0.318    13.328    design_1_i/mobilenet_0/inst/grp_load_weight_2D_from_s_fu_7189/tmp_78_cast_reg_390[4]_i_23_n_17
    SLICE_X80Y44         LUT6 (Prop_lut6_I3_O)        0.124    13.452 r  design_1_i/mobilenet_0/inst/grp_load_weight_2D_from_s_fu_7189/tmp_78_cast_reg_390[4]_i_15/O
                         net (fo=1, routed)           0.490    13.942    design_1_i/mobilenet_0/inst/grp_load_weight_2D_from_s_fu_7189/tmp_78_cast_reg_390[4]_i_15_n_17
    SLICE_X80Y44         LUT6 (Prop_lut6_I3_O)        0.124    14.066 r  design_1_i/mobilenet_0/inst/grp_load_weight_2D_from_s_fu_7189/tmp_78_cast_reg_390[4]_i_9/O
                         net (fo=1, routed)           0.158    14.224    design_1_i/mobilenet_0/inst/grp_load_weight_2D_from_s_fu_7189/tmp_78_cast_reg_390[4]_i_9_n_17
    SLICE_X80Y44         LUT6 (Prop_lut6_I3_O)        0.124    14.348 r  design_1_i/mobilenet_0/inst/grp_load_weight_2D_from_s_fu_7189/tmp_78_cast_reg_390[4]_i_4/O
                         net (fo=1, routed)           0.162    14.510    design_1_i/mobilenet_0/inst/grp_load_weight_2D_from_s_fu_7189/tmp_78_cast_reg_390[4]_i_4_n_17
    SLICE_X80Y44         LUT6 (Prop_lut6_I2_O)        0.124    14.634 r  design_1_i/mobilenet_0/inst/grp_load_weight_2D_from_s_fu_7189/tmp_78_cast_reg_390[4]_i_1/O
                         net (fo=1, routed)           0.000    14.634    design_1_i/mobilenet_0/inst/grp_load_weight_2D_from_s_fu_7189/tmp_78_cast_reg_390[4]_i_1_n_17
    SLICE_X80Y44         FDRE                                         r  design_1_i/mobilenet_0/inst/grp_load_weight_2D_from_s_fu_7189/tmp_78_cast_reg_390_reg[4]/D
  -------------------------------------------------------------------    -------------------

                         (clock clk_fpga_0 rise edge)
                                                     12.000    12.000 r  
    PS7_X0Y0             PS7                          0.000    12.000 r  design_1_i/processing_system7_0/inst/PS7_i/FCLKCLK[0]
                         net (fo=1, routed)           1.088    13.088    design_1_i/processing_system7_0/inst/FCLK_CLK_unbuffered[0]
    BUFGCTRL_X0Y16       BUFG (Prop_bufg_I_O)         0.091    13.179 r  design_1_i/processing_system7_0/inst/buffer_fclk_clk_0.FCLK_CLK_0_BUFG/O
                         net (fo=22920, routed)       1.562    14.741    design_1_i/mobilenet_0/inst/grp_load_weight_2D_from_s_fu_7189/ap_clk
    SLICE_X80Y44         FDRE                                         r  design_1_i/mobilenet_0/inst/grp_load_weight_2D_from_s_fu_7189/tmp_78_cast_reg_390_reg[4]/C
                         clock pessimism              0.115    14.856    
                         clock uncertainty           -0.183    14.673    
    SLICE_X80Y44         FDRE (Setup_fdre_C_D)        0.029    14.702    design_1_i/mobilenet_0/inst/grp_load_weight_2D_from_s_fu_7189/tmp_78_cast_reg_390_reg[4]
  -------------------------------------------------------------------
                         required time                         14.702    
                         arrival time                         -14.634    
  -------------------------------------------------------------------
                         slack                                  0.068    

Slack (MET) :             0.197ns  (required time - arrival time)
  Source:                 design_1_i/mobilenet_0/inst/ap_CS_fsm_reg[1360]/C
                            (rising edge-triggered cell FDRE clocked by clk_fpga_0  {rise@0.000ns fall@6.000ns period=12.000ns})
  Destination:            design_1_i/mobilenet_0/inst/mobilenet_INPUT_r_m_axi_U/bus_read/rs_rdata/data_p1_reg[7]/CE
                            (rising edge-triggered cell FDRE clocked by clk_fpga_0  {rise@0.000ns fall@6.000ns period=12.000ns})
  Path Group:             clk_fpga_0
  Path Type:              Setup (Max at Slow Process Corner)
  Requirement:            12.000ns  (clk_fpga_0 rise@12.000ns - clk_fpga_0 rise@0.000ns)
  Data Path Delay:        11.292ns  (logic 1.696ns (15.019%)  route 9.596ns (84.981%))
  Logic Levels:           10  (LUT3=1 LUT4=2 LUT5=1 LUT6=6)
  Clock Path Skew:        -0.159ns (DCD - SCD + CPR)
    Destination Clock Delay (DCD):    2.743ns = ( 14.743 - 12.000 ) 
    Source Clock Delay      (SCD):    3.031ns
    Clock Pessimism Removal (CPR):    0.129ns
  Clock Uncertainty:      0.183ns  ((TSJ^2 + TIJ^2)^1/2 + DJ) / 2 + PE
    Total System Jitter     (TSJ):    0.071ns
    Total Input Jitter      (TIJ):    0.360ns
    Discrete Jitter          (DJ):    0.000ns
    Phase Error              (PE):    0.000ns

    Location             Delay type                Incr(ns)  Path(ns)    Netlist Resource(s)
  -------------------------------------------------------------------    -------------------
                         (clock clk_fpga_0 rise edge)
                                                      0.000     0.000 r  
    PS7_X0Y0             PS7                          0.000     0.000 r  design_1_i/processing_system7_0/inst/PS7_i/FCLKCLK[0]
                         net (fo=1, routed)           1.193     1.193    design_1_i/processing_system7_0/inst/FCLK_CLK_unbuffered[0]
    BUFGCTRL_X0Y16       BUFG (Prop_bufg_I_O)         0.101     1.294 r  design_1_i/processing_system7_0/inst/buffer_fclk_clk_0.FCLK_CLK_0_BUFG/O
                         net (fo=22920, routed)       1.737     3.031    design_1_i/mobilenet_0/inst/ap_clk
    SLICE_X80Y42         FDRE                                         r  design_1_i/mobilenet_0/inst/ap_CS_fsm_reg[1360]/C
  -------------------------------------------------------------------    -------------------
    SLICE_X80Y42         FDRE (Prop_fdre_C_Q)         0.456     3.487 r  design_1_i/mobilenet_0/inst/ap_CS_fsm_reg[1360]/Q
                         net (fo=13, routed)          1.373     4.860    design_1_i/mobilenet_0/inst/mobilenet_INPUT_r_m_axi_U/bus_read/rs_rreq/ap_CS_fsm_reg[1586][809]
    SLICE_X90Y50         LUT4 (Prop_lut4_I1_O)        0.124     4.984 r  design_1_i/mobilenet_0/inst/mobilenet_INPUT_r_m_axi_U/bus_read/rs_rreq/data_p2[36]_i_234/O
                         net (fo=1, routed)           0.586     5.570    design_1_i/mobilenet_0/inst/mobilenet_INPUT_r_m_axi_U/bus_read/rs_rreq/data_p2[36]_i_234_n_17
    SLICE_X90Y49         LUT5 (Prop_lut5_I4_O)        0.124     5.694 r  design_1_i/mobilenet_0/inst/mobilenet_INPUT_r_m_axi_U/bus_read/rs_rreq/data_p2[36]_i_213/O
                         net (fo=1, routed)           0.593     6.287    design_1_i/mobilenet_0/inst/mobilenet_INPUT_r_m_axi_U/bus_read/rs_rreq/data_p2[36]_i_213_n_17
    SLICE_X90Y48         LUT6 (Prop_lut6_I5_O)        0.124     6.411 r  design_1_i/mobilenet_0/inst/mobilenet_INPUT_r_m_axi_U/bus_read/rs_rreq/data_p2[36]_i_168/O
                         net (fo=1, routed)           0.670     7.081    design_1_i/mobilenet_0/inst/mobilenet_INPUT_r_m_axi_U/bus_read/rs_rreq/data_p2[36]_i_168_n_17
    SLICE_X88Y50         LUT6 (Prop_lut6_I0_O)        0.124     7.205 r  design_1_i/mobilenet_0/inst/mobilenet_INPUT_r_m_axi_U/bus_read/rs_rreq/data_p2[36]_i_112/O
                         net (fo=1, routed)           0.956     8.161    design_1_i/mobilenet_0/inst/mobilenet_INPUT_r_m_axi_U/bus_read/rs_rreq/data_p2[36]_i_112_n_17
    SLICE_X84Y49         LUT6 (Prop_lut6_I5_O)        0.124     8.285 r  design_1_i/mobilenet_0/inst/mobilenet_INPUT_r_m_axi_U/bus_read/rs_rreq/data_p2[36]_i_63/O
                         net (fo=1, routed)           0.490     8.775    design_1_i/mobilenet_0/inst/mobilenet_INPUT_r_m_axi_U/bus_read/rs_rreq/data_p2[36]_i_63_n_17
    SLICE_X75Y49         LUT6 (Prop_lut6_I5_O)        0.124     8.899 r  design_1_i/mobilenet_0/inst/mobilenet_INPUT_r_m_axi_U/bus_read/rs_rreq/data_p2[36]_i_31/O
                         net (fo=1, routed)           0.558     9.456    design_1_i/mobilenet_0/inst/mobilenet_INPUT_r_m_axi_U/bus_read/rs_rreq/data_p2[36]_i_31_n_17
    SLICE_X70Y49         LUT6 (Prop_lut6_I5_O)        0.124     9.580 r  design_1_i/mobilenet_0/inst/mobilenet_INPUT_r_m_axi_U/bus_read/rs_rreq/data_p2[36]_i_10/O
                         net (fo=34, routed)          1.165    10.745    design_1_i/mobilenet_0/inst/mobilenet_INPUT_r_m_axi_U/bus_read/rs_rreq/INPUT_r_ARID112_out
    SLICE_X48Y41         LUT3 (Prop_lut3_I0_O)        0.124    10.869 r  design_1_i/mobilenet_0/inst/mobilenet_INPUT_r_m_axi_U/bus_read/rs_rreq/data_p2[36]_i_4/O
                         net (fo=66, routed)          1.171    12.041    design_1_i/mobilenet_0/inst/grp_load_weight_3D_from_s_fu_7043/ap_CS_fsm_reg[799]
    SLICE_X48Y32         LUT6 (Prop_lut6_I4_O)        0.124    12.165 r  design_1_i/mobilenet_0/inst/grp_load_weight_3D_from_s_fu_7043/FSM_sequential_state[1]_i_2__2/O
                         net (fo=6, routed)           1.023    13.188    design_1_i/mobilenet_0/inst/mobilenet_INPUT_r_m_axi_U/bus_read/rs_rdata/ap_enable_reg_pp0_iter9_reg
    SLICE_X39Y23         LUT4 (Prop_lut4_I0_O)        0.124    13.312 r  design_1_i/mobilenet_0/inst/mobilenet_INPUT_r_m_axi_U/bus_read/rs_rdata/data_p1[15]_i_1__0/O
                         net (fo=16, routed)          1.012    14.323    design_1_i/mobilenet_0/inst/mobilenet_INPUT_r_m_axi_U/bus_read/rs_rdata/load_p1
    SLICE_X30Y16         FDRE                                         r  design_1_i/mobilenet_0/inst/mobilenet_INPUT_r_m_axi_U/bus_read/rs_rdata/data_p1_reg[7]/CE
  -------------------------------------------------------------------    -------------------

                         (clock clk_fpga_0 rise edge)
                                                     12.000    12.000 r  
    PS7_X0Y0             PS7                          0.000    12.000 r  design_1_i/processing_system7_0/inst/PS7_i/FCLKCLK[0]
                         net (fo=1, routed)           1.088    13.088    design_1_i/processing_system7_0/inst/FCLK_CLK_unbuffered[0]
    BUFGCTRL_X0Y16       BUFG (Prop_bufg_I_O)         0.091    13.179 r  design_1_i/processing_system7_0/inst/buffer_fclk_clk_0.FCLK_CLK_0_BUFG/O
                         net (fo=22920, routed)       1.564    14.743    design_1_i/mobilenet_0/inst/mobilenet_INPUT_r_m_axi_U/bus_read/rs_rdata/ap_clk
    SLICE_X30Y16         FDRE                                         r  design_1_i/mobilenet_0/inst/mobilenet_INPUT_r_m_axi_U/bus_read/rs_rdata/data_p1_reg[7]/C
                         clock pessimism              0.129    14.872    
                         clock uncertainty           -0.183    14.689    
    SLICE_X30Y16         FDRE (Setup_fdre_C_CE)      -0.169    14.520    design_1_i/mobilenet_0/inst/mobilenet_INPUT_r_m_axi_U/bus_read/rs_rdata/data_p1_reg[7]
  -------------------------------------------------------------------
                         required time                         14.520    
                         arrival time                         -14.323    
  -------------------------------------------------------------------
                         slack                                  0.197    

Slack (MET) :             0.197ns  (required time - arrival time)
  Source:                 design_1_i/mobilenet_0/inst/ap_CS_fsm_reg[1360]/C
                            (rising edge-triggered cell FDRE clocked by clk_fpga_0  {rise@0.000ns fall@6.000ns period=12.000ns})
  Destination:            design_1_i/mobilenet_0/inst/mobilenet_INPUT_r_m_axi_U/bus_read/rs_rdata/data_p1_reg[8]/CE
                            (rising edge-triggered cell FDRE clocked by clk_fpga_0  {rise@0.000ns fall@6.000ns period=12.000ns})
  Path Group:             clk_fpga_0
  Path Type:              Setup (Max at Slow Process Corner)
  Requirement:            12.000ns  (clk_fpga_0 rise@12.000ns - clk_fpga_0 rise@0.000ns)
  Data Path Delay:        11.292ns  (logic 1.696ns (15.019%)  route 9.596ns (84.981%))
  Logic Levels:           10  (LUT3=1 LUT4=2 LUT5=1 LUT6=6)
  Clock Path Skew:        -0.159ns (DCD - SCD + CPR)
    Destination Clock Delay (DCD):    2.743ns = ( 14.743 - 12.000 ) 
    Source Clock Delay      (SCD):    3.031ns
    Clock Pessimism Removal (CPR):    0.129ns
  Clock Uncertainty:      0.183ns  ((TSJ^2 + TIJ^2)^1/2 + DJ) / 2 + PE
    Total System Jitter     (TSJ):    0.071ns
    Total Input Jitter      (TIJ):    0.360ns
    Discrete Jitter          (DJ):    0.000ns
    Phase Error              (PE):    0.000ns

    Location             Delay type                Incr(ns)  Path(ns)    Netlist Resource(s)
  -------------------------------------------------------------------    -------------------
                         (clock clk_fpga_0 rise edge)
                                                      0.000     0.000 r  
    PS7_X0Y0             PS7                          0.000     0.000 r  design_1_i/processing_system7_0/inst/PS7_i/FCLKCLK[0]
                         net (fo=1, routed)           1.193     1.193    design_1_i/processing_system7_0/inst/FCLK_CLK_unbuffered[0]
    BUFGCTRL_X0Y16       BUFG (Prop_bufg_I_O)         0.101     1.294 r  design_1_i/processing_system7_0/inst/buffer_fclk_clk_0.FCLK_CLK_0_BUFG/O
                         net (fo=22920, routed)       1.737     3.031    design_1_i/mobilenet_0/inst/ap_clk
    SLICE_X80Y42         FDRE                                         r  design_1_i/mobilenet_0/inst/ap_CS_fsm_reg[1360]/C
  -------------------------------------------------------------------    -------------------
    SLICE_X80Y42         FDRE (Prop_fdre_C_Q)         0.456     3.487 r  design_1_i/mobilenet_0/inst/ap_CS_fsm_reg[1360]/Q
                         net (fo=13, routed)          1.373     4.860    design_1_i/mobilenet_0/inst/mobilenet_INPUT_r_m_axi_U/bus_read/rs_rreq/ap_CS_fsm_reg[1586][809]
    SLICE_X90Y50         LUT4 (Prop_lut4_I1_O)        0.124     4.984 r  design_1_i/mobilenet_0/inst/mobilenet_INPUT_r_m_axi_U/bus_read/rs_rreq/data_p2[36]_i_234/O
                         net (fo=1, routed)           0.586     5.570    design_1_i/mobilenet_0/inst/mobilenet_INPUT_r_m_axi_U/bus_read/rs_rreq/data_p2[36]_i_234_n_17
    SLICE_X90Y49         LUT5 (Prop_lut5_I4_O)        0.124     5.694 r  design_1_i/mobilenet_0/inst/mobilenet_INPUT_r_m_axi_U/bus_read/rs_rreq/data_p2[36]_i_213/O
                         net (fo=1, routed)           0.593     6.287    design_1_i/mobilenet_0/inst/mobilenet_INPUT_r_m_axi_U/bus_read/rs_rreq/data_p2[36]_i_213_n_17
    SLICE_X90Y48         LUT6 (Prop_lut6_I5_O)        0.124     6.411 r  design_1_i/mobilenet_0/inst/mobilenet_INPUT_r_m_axi_U/bus_read/rs_rreq/data_p2[36]_i_168/O
                         net (fo=1, routed)           0.670     7.081    design_1_i/mobilenet_0/inst/mobilenet_INPUT_r_m_axi_U/bus_read/rs_rreq/data_p2[36]_i_168_n_17
    SLICE_X88Y50         LUT6 (Prop_lut6_I0_O)        0.124     7.205 r  design_1_i/mobilenet_0/inst/mobilenet_INPUT_r_m_axi_U/bus_read/rs_rreq/data_p2[36]_i_112/O
                         net (fo=1, routed)           0.956     8.161    design_1_i/mobilenet_0/inst/mobilenet_INPUT_r_m_axi_U/bus_read/rs_rreq/data_p2[36]_i_112_n_17
    SLICE_X84Y49         LUT6 (Prop_lut6_I5_O)        0.124     8.285 r  design_1_i/mobilenet_0/inst/mobilenet_INPUT_r_m_axi_U/bus_read/rs_rreq/data_p2[36]_i_63/O
                         net (fo=1, routed)           0.490     8.775    design_1_i/mobilenet_0/inst/mobilenet_INPUT_r_m_axi_U/bus_read/rs_rreq/data_p2[36]_i_63_n_17
    SLICE_X75Y49         LUT6 (Prop_lut6_I5_O)        0.124     8.899 r  design_1_i/mobilenet_0/inst/mobilenet_INPUT_r_m_axi_U/bus_read/rs_rreq/data_p2[36]_i_31/O
                         net (fo=1, routed)           0.558     9.456    design_1_i/mobilenet_0/inst/mobilenet_INPUT_r_m_axi_U/bus_read/rs_rreq/data_p2[36]_i_31_n_17
    SLICE_X70Y49         LUT6 (Prop_lut6_I5_O)        0.124     9.580 r  design_1_i/mobilenet_0/inst/mobilenet_INPUT_r_m_axi_U/bus_read/rs_rreq/data_p2[36]_i_10/O
                         net (fo=34, routed)          1.165    10.745    design_1_i/mobilenet_0/inst/mobilenet_INPUT_r_m_axi_U/bus_read/rs_rreq/INPUT_r_ARID112_out
    SLICE_X48Y41         LUT3 (Prop_lut3_I0_O)        0.124    10.869 r  design_1_i/mobilenet_0/inst/mobilenet_INPUT_r_m_axi_U/bus_read/rs_rreq/data_p2[36]_i_4/O
                         net (fo=66, routed)          1.171    12.041    design_1_i/mobilenet_0/inst/grp_load_weight_3D_from_s_fu_7043/ap_CS_fsm_reg[799]
    SLICE_X48Y32         LUT6 (Prop_lut6_I4_O)        0.124    12.165 r  design_1_i/mobilenet_0/inst/grp_load_weight_3D_from_s_fu_7043/FSM_sequential_state[1]_i_2__2/O
                         net (fo=6, routed)           1.023    13.188    design_1_i/mobilenet_0/inst/mobilenet_INPUT_r_m_axi_U/bus_read/rs_rdata/ap_enable_reg_pp0_iter9_reg
    SLICE_X39Y23         LUT4 (Prop_lut4_I0_O)        0.124    13.312 r  design_1_i/mobilenet_0/inst/mobilenet_INPUT_r_m_axi_U/bus_read/rs_rdata/data_p1[15]_i_1__0/O
                         net (fo=16, routed)          1.012    14.323    design_1_i/mobilenet_0/inst/mobilenet_INPUT_r_m_axi_U/bus_read/rs_rdata/load_p1
    SLICE_X30Y16         FDRE                                         r  design_1_i/mobilenet_0/inst/mobilenet_INPUT_r_m_axi_U/bus_read/rs_rdata/data_p1_reg[8]/CE
  -------------------------------------------------------------------    -------------------

                         (clock clk_fpga_0 rise edge)
                                                     12.000    12.000 r  
    PS7_X0Y0             PS7                          0.000    12.000 r  design_1_i/processing_system7_0/inst/PS7_i/FCLKCLK[0]
                         net (fo=1, routed)           1.088    13.088    design_1_i/processing_system7_0/inst/FCLK_CLK_unbuffered[0]
    BUFGCTRL_X0Y16       BUFG (Prop_bufg_I_O)         0.091    13.179 r  design_1_i/processing_system7_0/inst/buffer_fclk_clk_0.FCLK_CLK_0_BUFG/O
                         net (fo=22920, routed)       1.564    14.743    design_1_i/mobilenet_0/inst/mobilenet_INPUT_r_m_axi_U/bus_read/rs_rdata/ap_clk
    SLICE_X30Y16         FDRE                                         r  design_1_i/mobilenet_0/inst/mobilenet_INPUT_r_m_axi_U/bus_read/rs_rdata/data_p1_reg[8]/C
                         clock pessimism              0.129    14.872    
                         clock uncertainty           -0.183    14.689    
    SLICE_X30Y16         FDRE (Setup_fdre_C_CE)      -0.169    14.520    design_1_i/mobilenet_0/inst/mobilenet_INPUT_r_m_axi_U/bus_read/rs_rdata/data_p1_reg[8]
  -------------------------------------------------------------------
                         required time                         14.520    
                         arrival time                         -14.323    
  -------------------------------------------------------------------
                         slack                                  0.197    

Slack (MET) :             0.281ns  (required time - arrival time)
  Source:                 design_1_i/mobilenet_0/inst/ap_CS_fsm_reg[1360]/C
                            (rising edge-triggered cell FDRE clocked by clk_fpga_0  {rise@0.000ns fall@6.000ns period=12.000ns})
  Destination:            design_1_i/mobilenet_0/inst/mobilenet_INPUT_r_m_axi_U/bus_read/rs_rdata/data_p1_reg[4]/CE
                            (rising edge-triggered cell FDRE clocked by clk_fpga_0  {rise@0.000ns fall@6.000ns period=12.000ns})
  Path Group:             clk_fpga_0
  Path Type:              Setup (Max at Slow Process Corner)
  Requirement:            12.000ns  (clk_fpga_0 rise@12.000ns - clk_fpga_0 rise@0.000ns)
  Data Path Delay:        11.171ns  (logic 1.696ns (15.182%)  route 9.475ns (84.818%))
  Logic Levels:           10  (LUT3=1 LUT4=2 LUT5=1 LUT6=6)
  Clock Path Skew:        -0.160ns (DCD - SCD + CPR)
    Destination Clock Delay (DCD):    2.743ns = ( 14.743 - 12.000 ) 
    Source Clock Delay      (SCD):    3.031ns
    Clock Pessimism Removal (CPR):    0.129ns
  Clock Uncertainty:      0.183ns  ((TSJ^2 + TIJ^2)^1/2 + DJ) / 2 + PE
    Total System Jitter     (TSJ):    0.071ns
    Total Input Jitter      (TIJ):    0.360ns
    Discrete Jitter          (DJ):    0.000ns
    Phase Error              (PE):    0.000ns

    Location             Delay type                Incr(ns)  Path(ns)    Netlist Resource(s)
  -------------------------------------------------------------------    -------------------
                         (clock clk_fpga_0 rise edge)
                                                      0.000     0.000 r  
    PS7_X0Y0             PS7                          0.000     0.000 r  design_1_i/processing_system7_0/inst/PS7_i/FCLKCLK[0]
                         net (fo=1, routed)           1.193     1.193    design_1_i/processing_system7_0/inst/FCLK_CLK_unbuffered[0]
    BUFGCTRL_X0Y16       BUFG (Prop_bufg_I_O)         0.101     1.294 r  design_1_i/processing_system7_0/inst/buffer_fclk_clk_0.FCLK_CLK_0_BUFG/O
                         net (fo=22920, routed)       1.737     3.031    design_1_i/mobilenet_0/inst/ap_clk
    SLICE_X80Y42         FDRE                                         r  design_1_i/mobilenet_0/inst/ap_CS_fsm_reg[1360]/C
  -------------------------------------------------------------------    -------------------
    SLICE_X80Y42         FDRE (Prop_fdre_C_Q)         0.456     3.487 r  design_1_i/mobilenet_0/inst/ap_CS_fsm_reg[1360]/Q
                         net (fo=13, routed)          1.373     4.860    design_1_i/mobilenet_0/inst/mobilenet_INPUT_r_m_axi_U/bus_read/rs_rreq/ap_CS_fsm_reg[1586][809]
    SLICE_X90Y50         LUT4 (Prop_lut4_I1_O)        0.124     4.984 r  design_1_i/mobilenet_0/inst/mobilenet_INPUT_r_m_axi_U/bus_read/rs_rreq/data_p2[36]_i_234/O
                         net (fo=1, routed)           0.586     5.570    design_1_i/mobilenet_0/inst/mobilenet_INPUT_r_m_axi_U/bus_read/rs_rreq/data_p2[36]_i_234_n_17
    SLICE_X90Y49         LUT5 (Prop_lut5_I4_O)        0.124     5.694 r  design_1_i/mobilenet_0/inst/mobilenet_INPUT_r_m_axi_U/bus_read/rs_rreq/data_p2[36]_i_213/O
                         net (fo=1, routed)           0.593     6.287    design_1_i/mobilenet_0/inst/mobilenet_INPUT_r_m_axi_U/bus_read/rs_rreq/data_p2[36]_i_213_n_17
    SLICE_X90Y48         LUT6 (Prop_lut6_I5_O)        0.124     6.411 r  design_1_i/mobilenet_0/inst/mobilenet_INPUT_r_m_axi_U/bus_read/rs_rreq/data_p2[36]_i_168/O
                         net (fo=1, routed)           0.670     7.081    design_1_i/mobilenet_0/inst/mobilenet_INPUT_r_m_axi_U/bus_read/rs_rreq/data_p2[36]_i_168_n_17
    SLICE_X88Y50         LUT6 (Prop_lut6_I0_O)        0.124     7.205 r  design_1_i/mobilenet_0/inst/mobilenet_INPUT_r_m_axi_U/bus_read/rs_rreq/data_p2[36]_i_112/O
                         net (fo=1, routed)           0.956     8.161    design_1_i/mobilenet_0/inst/mobilenet_INPUT_r_m_axi_U/bus_read/rs_rreq/data_p2[36]_i_112_n_17
    SLICE_X84Y49         LUT6 (Prop_lut6_I5_O)        0.124     8.285 r  design_1_i/mobilenet_0/inst/mobilenet_INPUT_r_m_axi_U/bus_read/rs_rreq/data_p2[36]_i_63/O
                         net (fo=1, routed)           0.490     8.775    design_1_i/mobilenet_0/inst/mobilenet_INPUT_r_m_axi_U/bus_read/rs_rreq/data_p2[36]_i_63_n_17
    SLICE_X75Y49         LUT6 (Prop_lut6_I5_O)        0.124     8.899 r  design_1_i/mobilenet_0/inst/mobilenet_INPUT_r_m_axi_U/bus_read/rs_rreq/data_p2[36]_i_31/O
                         net (fo=1, routed)           0.558     9.456    design_1_i/mobilenet_0/inst/mobilenet_INPUT_r_m_axi_U/bus_read/rs_rreq/data_p2[36]_i_31_n_17
    SLICE_X70Y49         LUT6 (Prop_lut6_I5_O)        0.124     9.580 r  design_1_i/mobilenet_0/inst/mobilenet_INPUT_r_m_axi_U/bus_read/rs_rreq/data_p2[36]_i_10/O
                         net (fo=34, routed)          1.165    10.745    design_1_i/mobilenet_0/inst/mobilenet_INPUT_r_m_axi_U/bus_read/rs_rreq/INPUT_r_ARID112_out
    SLICE_X48Y41         LUT3 (Prop_lut3_I0_O)        0.124    10.869 r  design_1_i/mobilenet_0/inst/mobilenet_INPUT_r_m_axi_U/bus_read/rs_rreq/data_p2[36]_i_4/O
                         net (fo=66, routed)          1.171    12.041    design_1_i/mobilenet_0/inst/grp_load_weight_3D_from_s_fu_7043/ap_CS_fsm_reg[799]
    SLICE_X48Y32         LUT6 (Prop_lut6_I4_O)        0.124    12.165 r  design_1_i/mobilenet_0/inst/grp_load_weight_3D_from_s_fu_7043/FSM_sequential_state[1]_i_2__2/O
                         net (fo=6, routed)           1.023    13.188    design_1_i/mobilenet_0/inst/mobilenet_INPUT_r_m_axi_U/bus_read/rs_rdata/ap_enable_reg_pp0_iter9_reg
    SLICE_X39Y23         LUT4 (Prop_lut4_I0_O)        0.124    13.312 r  design_1_i/mobilenet_0/inst/mobilenet_INPUT_r_m_axi_U/bus_read/rs_rdata/data_p1[15]_i_1__0/O
                         net (fo=16, routed)          0.890    14.202    design_1_i/mobilenet_0/inst/mobilenet_INPUT_r_m_axi_U/bus_read/rs_rdata/load_p1
    SLICE_X31Y17         FDRE                                         r  design_1_i/mobilenet_0/inst/mobilenet_INPUT_r_m_axi_U/bus_read/rs_rdata/data_p1_reg[4]/CE
  -------------------------------------------------------------------    -------------------

                         (clock clk_fpga_0 rise edge)
                                                     12.000    12.000 r  
    PS7_X0Y0             PS7                          0.000    12.000 r  design_1_i/processing_system7_0/inst/PS7_i/FCLKCLK[0]
                         net (fo=1, routed)           1.088    13.088    design_1_i/processing_system7_0/inst/FCLK_CLK_unbuffered[0]
    BUFGCTRL_X0Y16       BUFG (Prop_bufg_I_O)         0.091    13.179 r  design_1_i/processing_system7_0/inst/buffer_fclk_clk_0.FCLK_CLK_0_BUFG/O
                         net (fo=22920, routed)       1.563    14.743    design_1_i/mobilenet_0/inst/mobilenet_INPUT_r_m_axi_U/bus_read/rs_rdata/ap_clk
    SLICE_X31Y17         FDRE                                         r  design_1_i/mobilenet_0/inst/mobilenet_INPUT_r_m_axi_U/bus_read/rs_rdata/data_p1_reg[4]/C
                         clock pessimism              0.129    14.871    
                         clock uncertainty           -0.183    14.688    
    SLICE_X31Y17         FDRE (Setup_fdre_C_CE)      -0.205    14.483    design_1_i/mobilenet_0/inst/mobilenet_INPUT_r_m_axi_U/bus_read/rs_rdata/data_p1_reg[4]
  -------------------------------------------------------------------
                         required time                         14.483    
                         arrival time                         -14.202    
  -------------------------------------------------------------------
                         slack                                  0.281    

Slack (MET) :             0.281ns  (required time - arrival time)
  Source:                 design_1_i/mobilenet_0/inst/ap_CS_fsm_reg[1360]/C
                            (rising edge-triggered cell FDRE clocked by clk_fpga_0  {rise@0.000ns fall@6.000ns period=12.000ns})
  Destination:            design_1_i/mobilenet_0/inst/mobilenet_INPUT_r_m_axi_U/bus_read/rs_rdata/data_p1_reg[6]/CE
                            (rising edge-triggered cell FDRE clocked by clk_fpga_0  {rise@0.000ns fall@6.000ns period=12.000ns})
  Path Group:             clk_fpga_0
  Path Type:              Setup (Max at Slow Process Corner)
  Requirement:            12.000ns  (clk_fpga_0 rise@12.000ns - clk_fpga_0 rise@0.000ns)
  Data Path Delay:        11.171ns  (logic 1.696ns (15.182%)  route 9.475ns (84.818%))
  Logic Levels:           10  (LUT3=1 LUT4=2 LUT5=1 LUT6=6)
  Clock Path Skew:        -0.160ns (DCD - SCD + CPR)
    Destination Clock Delay (DCD):    2.743ns = ( 14.743 - 12.000 ) 
    Source Clock Delay      (SCD):    3.031ns
    Clock Pessimism Removal (CPR):    0.129ns
  Clock Uncertainty:      0.183ns  ((TSJ^2 + TIJ^2)^1/2 + DJ) / 2 + PE
    Total System Jitter     (TSJ):    0.071ns
    Total Input Jitter      (TIJ):    0.360ns
    Discrete Jitter          (DJ):    0.000ns
    Phase Error              (PE):    0.000ns

    Location             Delay type                Incr(ns)  Path(ns)    Netlist Resource(s)
  -------------------------------------------------------------------    -------------------
                         (clock clk_fpga_0 rise edge)
                                                      0.000     0.000 r  
    PS7_X0Y0             PS7                          0.000     0.000 r  design_1_i/processing_system7_0/inst/PS7_i/FCLKCLK[0]
                         net (fo=1, routed)           1.193     1.193    design_1_i/processing_system7_0/inst/FCLK_CLK_unbuffered[0]
    BUFGCTRL_X0Y16       BUFG (Prop_bufg_I_O)         0.101     1.294 r  design_1_i/processing_system7_0/inst/buffer_fclk_clk_0.FCLK_CLK_0_BUFG/O
                         net (fo=22920, routed)       1.737     3.031    design_1_i/mobilenet_0/inst/ap_clk
    SLICE_X80Y42         FDRE                                         r  design_1_i/mobilenet_0/inst/ap_CS_fsm_reg[1360]/C
  -------------------------------------------------------------------    -------------------
    SLICE_X80Y42         FDRE (Prop_fdre_C_Q)         0.456     3.487 r  design_1_i/mobilenet_0/inst/ap_CS_fsm_reg[1360]/Q
                         net (fo=13, routed)          1.373     4.860    design_1_i/mobilenet_0/inst/mobilenet_INPUT_r_m_axi_U/bus_read/rs_rreq/ap_CS_fsm_reg[1586][809]
    SLICE_X90Y50         LUT4 (Prop_lut4_I1_O)        0.124     4.984 r  design_1_i/mobilenet_0/inst/mobilenet_INPUT_r_m_axi_U/bus_read/rs_rreq/data_p2[36]_i_234/O
                         net (fo=1, routed)           0.586     5.570    design_1_i/mobilenet_0/inst/mobilenet_INPUT_r_m_axi_U/bus_read/rs_rreq/data_p2[36]_i_234_n_17
    SLICE_X90Y49         LUT5 (Prop_lut5_I4_O)        0.124     5.694 r  design_1_i/mobilenet_0/inst/mobilenet_INPUT_r_m_axi_U/bus_read/rs_rreq/data_p2[36]_i_213/O
                         net (fo=1, routed)           0.593     6.287    design_1_i/mobilenet_0/inst/mobilenet_INPUT_r_m_axi_U/bus_read/rs_rreq/data_p2[36]_i_213_n_17
    SLICE_X90Y48         LUT6 (Prop_lut6_I5_O)        0.124     6.411 r  design_1_i/mobilenet_0/inst/mobilenet_INPUT_r_m_axi_U/bus_read/rs_rreq/data_p2[36]_i_168/O
                         net (fo=1, routed)           0.670     7.081    design_1_i/mobilenet_0/inst/mobilenet_INPUT_r_m_axi_U/bus_read/rs_rreq/data_p2[36]_i_168_n_17
    SLICE_X88Y50         LUT6 (Prop_lut6_I0_O)        0.124     7.205 r  design_1_i/mobilenet_0/inst/mobilenet_INPUT_r_m_axi_U/bus_read/rs_rreq/data_p2[36]_i_112/O
                         net (fo=1, routed)           0.956     8.161    design_1_i/mobilenet_0/inst/mobilenet_INPUT_r_m_axi_U/bus_read/rs_rreq/data_p2[36]_i_112_n_17
    SLICE_X84Y49         LUT6 (Prop_lut6_I5_O)        0.124     8.285 r  design_1_i/mobilenet_0/inst/mobilenet_INPUT_r_m_axi_U/bus_read/rs_rreq/data_p2[36]_i_63/O
                         net (fo=1, routed)           0.490     8.775    design_1_i/mobilenet_0/inst/mobilenet_INPUT_r_m_axi_U/bus_read/rs_rreq/data_p2[36]_i_63_n_17
    SLICE_X75Y49         LUT6 (Prop_lut6_I5_O)        0.124     8.899 r  design_1_i/mobilenet_0/inst/mobilenet_INPUT_r_m_axi_U/bus_read/rs_rreq/data_p2[36]_i_31/O
                         net (fo=1, routed)           0.558     9.456    design_1_i/mobilenet_0/inst/mobilenet_INPUT_r_m_axi_U/bus_read/rs_rreq/data_p2[36]_i_31_n_17
    SLICE_X70Y49         LUT6 (Prop_lut6_I5_O)        0.124     9.580 r  design_1_i/mobilenet_0/inst/mobilenet_INPUT_r_m_axi_U/bus_read/rs_rreq/data_p2[36]_i_10/O
                         net (fo=34, routed)          1.165    10.745    design_1_i/mobilenet_0/inst/mobilenet_INPUT_r_m_axi_U/bus_read/rs_rreq/INPUT_r_ARID112_out
    SLICE_X48Y41         LUT3 (Prop_lut3_I0_O)        0.124    10.869 r  design_1_i/mobilenet_0/inst/mobilenet_INPUT_r_m_axi_U/bus_read/rs_rreq/data_p2[36]_i_4/O
                         net (fo=66, routed)          1.171    12.041    design_1_i/mobilenet_0/inst/grp_load_weight_3D_from_s_fu_7043/ap_CS_fsm_reg[799]
    SLICE_X48Y32         LUT6 (Prop_lut6_I4_O)        0.124    12.165 r  design_1_i/mobilenet_0/inst/grp_load_weight_3D_from_s_fu_7043/FSM_sequential_state[1]_i_2__2/O
                         net (fo=6, routed)           1.023    13.188    design_1_i/mobilenet_0/inst/mobilenet_INPUT_r_m_axi_U/bus_read/rs_rdata/ap_enable_reg_pp0_iter9_reg
    SLICE_X39Y23         LUT4 (Prop_lut4_I0_O)        0.124    13.312 r  design_1_i/mobilenet_0/inst/mobilenet_INPUT_r_m_axi_U/bus_read/rs_rdata/data_p1[15]_i_1__0/O
                         net (fo=16, routed)          0.890    14.202    design_1_i/mobilenet_0/inst/mobilenet_INPUT_r_m_axi_U/bus_read/rs_rdata/load_p1
    SLICE_X31Y17         FDRE                                         r  design_1_i/mobilenet_0/inst/mobilenet_INPUT_r_m_axi_U/bus_read/rs_rdata/data_p1_reg[6]/CE
  -------------------------------------------------------------------    -------------------

                         (clock clk_fpga_0 rise edge)
                                                     12.000    12.000 r  
    PS7_X0Y0             PS7                          0.000    12.000 r  design_1_i/processing_system7_0/inst/PS7_i/FCLKCLK[0]
                         net (fo=1, routed)           1.088    13.088    design_1_i/processing_system7_0/inst/FCLK_CLK_unbuffered[0]
    BUFGCTRL_X0Y16       BUFG (Prop_bufg_I_O)         0.091    13.179 r  design_1_i/processing_system7_0/inst/buffer_fclk_clk_0.FCLK_CLK_0_BUFG/O
                         net (fo=22920, routed)       1.563    14.743    design_1_i/mobilenet_0/inst/mobilenet_INPUT_r_m_axi_U/bus_read/rs_rdata/ap_clk
    SLICE_X31Y17         FDRE                                         r  design_1_i/mobilenet_0/inst/mobilenet_INPUT_r_m_axi_U/bus_read/rs_rdata/data_p1_reg[6]/C
                         clock pessimism              0.129    14.871    
                         clock uncertainty           -0.183    14.688    
    SLICE_X31Y17         FDRE (Setup_fdre_C_CE)      -0.205    14.483    design_1_i/mobilenet_0/inst/mobilenet_INPUT_r_m_axi_U/bus_read/rs_rdata/data_p1_reg[6]
  -------------------------------------------------------------------
                         required time                         14.483    
                         arrival time                         -14.202    
  -------------------------------------------------------------------
                         slack                                  0.281    

Slack (MET) :             0.337ns  (required time - arrival time)
  Source:                 design_1_i/mobilenet_0/inst/ap_CS_fsm_reg[1360]/C
                            (rising edge-triggered cell FDRE clocked by clk_fpga_0  {rise@0.000ns fall@6.000ns period=12.000ns})
  Destination:            design_1_i/mobilenet_0/inst/mobilenet_INPUT_r_m_axi_U/bus_read/rs_rdata/data_p1_reg[15]/CE
                            (rising edge-triggered cell FDRE clocked by clk_fpga_0  {rise@0.000ns fall@6.000ns period=12.000ns})
  Path Group:             clk_fpga_0
  Path Type:              Setup (Max at Slow Process Corner)
  Requirement:            12.000ns  (clk_fpga_0 rise@12.000ns - clk_fpga_0 rise@0.000ns)
  Data Path Delay:        11.149ns  (logic 1.696ns (15.212%)  route 9.453ns (84.788%))
  Logic Levels:           10  (LUT3=1 LUT4=2 LUT5=1 LUT6=6)
  Clock Path Skew:        -0.162ns (DCD - SCD + CPR)
    Destination Clock Delay (DCD):    2.740ns = ( 14.740 - 12.000 ) 
    Source Clock Delay      (SCD):    3.031ns
    Clock Pessimism Removal (CPR):    0.129ns
  Clock Uncertainty:      0.183ns  ((TSJ^2 + TIJ^2)^1/2 + DJ) / 2 + PE
    Total System Jitter     (TSJ):    0.071ns
    Total Input Jitter      (TIJ):    0.360ns
    Discrete Jitter          (DJ):    0.000ns
    Phase Error              (PE):    0.000ns

    Location             Delay type                Incr(ns)  Path(ns)    Netlist Resource(s)
  -------------------------------------------------------------------    -------------------
                         (clock clk_fpga_0 rise edge)
                                                      0.000     0.000 r  
    PS7_X0Y0             PS7                          0.000     0.000 r  design_1_i/processing_system7_0/inst/PS7_i/FCLKCLK[0]
                         net (fo=1, routed)           1.193     1.193    design_1_i/processing_system7_0/inst/FCLK_CLK_unbuffered[0]
    BUFGCTRL_X0Y16       BUFG (Prop_bufg_I_O)         0.101     1.294 r  design_1_i/processing_system7_0/inst/buffer_fclk_clk_0.FCLK_CLK_0_BUFG/O
                         net (fo=22920, routed)       1.737     3.031    design_1_i/mobilenet_0/inst/ap_clk
    SLICE_X80Y42         FDRE                                         r  design_1_i/mobilenet_0/inst/ap_CS_fsm_reg[1360]/C
  -------------------------------------------------------------------    -------------------
    SLICE_X80Y42         FDRE (Prop_fdre_C_Q)         0.456     3.487 r  design_1_i/mobilenet_0/inst/ap_CS_fsm_reg[1360]/Q
                         net (fo=13, routed)          1.373     4.860    design_1_i/mobilenet_0/inst/mobilenet_INPUT_r_m_axi_U/bus_read/rs_rreq/ap_CS_fsm_reg[1586][809]
    SLICE_X90Y50         LUT4 (Prop_lut4_I1_O)        0.124     4.984 r  design_1_i/mobilenet_0/inst/mobilenet_INPUT_r_m_axi_U/bus_read/rs_rreq/data_p2[36]_i_234/O
                         net (fo=1, routed)           0.586     5.570    design_1_i/mobilenet_0/inst/mobilenet_INPUT_r_m_axi_U/bus_read/rs_rreq/data_p2[36]_i_234_n_17
    SLICE_X90Y49         LUT5 (Prop_lut5_I4_O)        0.124     5.694 r  design_1_i/mobilenet_0/inst/mobilenet_INPUT_r_m_axi_U/bus_read/rs_rreq/data_p2[36]_i_213/O
                         net (fo=1, routed)           0.593     6.287    design_1_i/mobilenet_0/inst/mobilenet_INPUT_r_m_axi_U/bus_read/rs_rreq/data_p2[36]_i_213_n_17
    SLICE_X90Y48         LUT6 (Prop_lut6_I5_O)        0.124     6.411 r  design_1_i/mobilenet_0/inst/mobilenet_INPUT_r_m_axi_U/bus_read/rs_rreq/data_p2[36]_i_168/O
                         net (fo=1, routed)           0.670     7.081    design_1_i/mobilenet_0/inst/mobilenet_INPUT_r_m_axi_U/bus_read/rs_rreq/data_p2[36]_i_168_n_17
    SLICE_X88Y50         LUT6 (Prop_lut6_I0_O)        0.124     7.205 r  design_1_i/mobilenet_0/inst/mobilenet_INPUT_r_m_axi_U/bus_read/rs_rreq/data_p2[36]_i_112/O
                         net (fo=1, routed)           0.956     8.161    design_1_i/mobilenet_0/inst/mobilenet_INPUT_r_m_axi_U/bus_read/rs_rreq/data_p2[36]_i_112_n_17
    SLICE_X84Y49         LUT6 (Prop_lut6_I5_O)        0.124     8.285 r  design_1_i/mobilenet_0/inst/mobilenet_INPUT_r_m_axi_U/bus_read/rs_rreq/data_p2[36]_i_63/O
                         net (fo=1, routed)           0.490     8.775    design_1_i/mobilenet_0/inst/mobilenet_INPUT_r_m_axi_U/bus_read/rs_rreq/data_p2[36]_i_63_n_17
    SLICE_X75Y49         LUT6 (Prop_lut6_I5_O)        0.124     8.899 r  design_1_i/mobilenet_0/inst/mobilenet_INPUT_r_m_axi_U/bus_read/rs_rreq/data_p2[36]_i_31/O
                         net (fo=1, routed)           0.558     9.456    design_1_i/mobilenet_0/inst/mobilenet_INPUT_r_m_axi_U/bus_read/rs_rreq/data_p2[36]_i_31_n_17
    SLICE_X70Y49         LUT6 (Prop_lut6_I5_O)        0.124     9.580 r  design_1_i/mobilenet_0/inst/mobilenet_INPUT_r_m_axi_U/bus_read/rs_rreq/data_p2[36]_i_10/O
                         net (fo=34, routed)          1.165    10.745    design_1_i/mobilenet_0/inst/mobilenet_INPUT_r_m_axi_U/bus_read/rs_rreq/INPUT_r_ARID112_out
    SLICE_X48Y41         LUT3 (Prop_lut3_I0_O)        0.124    10.869 r  design_1_i/mobilenet_0/inst/mobilenet_INPUT_r_m_axi_U/bus_read/rs_rreq/data_p2[36]_i_4/O
                         net (fo=66, routed)          1.171    12.041    design_1_i/mobilenet_0/inst/grp_load_weight_3D_from_s_fu_7043/ap_CS_fsm_reg[799]
    SLICE_X48Y32         LUT6 (Prop_lut6_I4_O)        0.124    12.165 r  design_1_i/mobilenet_0/inst/grp_load_weight_3D_from_s_fu_7043/FSM_sequential_state[1]_i_2__2/O
                         net (fo=6, routed)           1.023    13.188    design_1_i/mobilenet_0/inst/mobilenet_INPUT_r_m_axi_U/bus_read/rs_rdata/ap_enable_reg_pp0_iter9_reg
    SLICE_X39Y23         LUT4 (Prop_lut4_I0_O)        0.124    13.312 r  design_1_i/mobilenet_0/inst/mobilenet_INPUT_r_m_axi_U/bus_read/rs_rdata/data_p1[15]_i_1__0/O
                         net (fo=16, routed)          0.868    14.180    design_1_i/mobilenet_0/inst/mobilenet_INPUT_r_m_axi_U/bus_read/rs_rdata/load_p1
    SLICE_X30Y18         FDRE                                         r  design_1_i/mobilenet_0/inst/mobilenet_INPUT_r_m_axi_U/bus_read/rs_rdata/data_p1_reg[15]/CE
  -------------------------------------------------------------------    -------------------

                         (clock clk_fpga_0 rise edge)
                                                     12.000    12.000 r  
    PS7_X0Y0             PS7                          0.000    12.000 r  design_1_i/processing_system7_0/inst/PS7_i/FCLKCLK[0]
                         net (fo=1, routed)           1.088    13.088    design_1_i/processing_system7_0/inst/FCLK_CLK_unbuffered[0]
    BUFGCTRL_X0Y16       BUFG (Prop_bufg_I_O)         0.091    13.179 r  design_1_i/processing_system7_0/inst/buffer_fclk_clk_0.FCLK_CLK_0_BUFG/O
                         net (fo=22920, routed)       1.561    14.740    design_1_i/mobilenet_0/inst/mobilenet_INPUT_r_m_axi_U/bus_read/rs_rdata/ap_clk
    SLICE_X30Y18         FDRE                                         r  design_1_i/mobilenet_0/inst/mobilenet_INPUT_r_m_axi_U/bus_read/rs_rdata/data_p1_reg[15]/C
                         clock pessimism              0.129    14.869    
                         clock uncertainty           -0.183    14.686    
    SLICE_X30Y18         FDRE (Setup_fdre_C_CE)      -0.169    14.517    design_1_i/mobilenet_0/inst/mobilenet_INPUT_r_m_axi_U/bus_read/rs_rdata/data_p1_reg[15]
  -------------------------------------------------------------------
                         required time                         14.517    
                         arrival time                         -14.180    
  -------------------------------------------------------------------
                         slack                                  0.337    

Slack (MET) :             0.378ns  (required time - arrival time)
  Source:                 design_1_i/mobilenet_0/inst/ap_CS_fsm_reg[1360]/C
                            (rising edge-triggered cell FDRE clocked by clk_fpga_0  {rise@0.000ns fall@6.000ns period=12.000ns})
  Destination:            design_1_i/mobilenet_0/inst/mobilenet_INPUT_r_m_axi_U/bus_read/rs_rdata/data_p1_reg[12]/CE
                            (rising edge-triggered cell FDRE clocked by clk_fpga_0  {rise@0.000ns fall@6.000ns period=12.000ns})
  Path Group:             clk_fpga_0
  Path Type:              Setup (Max at Slow Process Corner)
  Requirement:            12.000ns  (clk_fpga_0 rise@12.000ns - clk_fpga_0 rise@0.000ns)
  Data Path Delay:        10.998ns  (logic 1.696ns (15.421%)  route 9.302ns (84.579%))
  Logic Levels:           10  (LUT3=1 LUT4=2 LUT5=1 LUT6=6)
  Clock Path Skew:        -0.236ns (DCD - SCD + CPR)
    Destination Clock Delay (DCD):    2.666ns = ( 14.667 - 12.000 ) 
    Source Clock Delay      (SCD):    3.031ns
    Clock Pessimism Removal (CPR):    0.129ns
  Clock Uncertainty:      0.183ns  ((TSJ^2 + TIJ^2)^1/2 + DJ) / 2 + PE
    Total System Jitter     (TSJ):    0.071ns
    Total Input Jitter      (TIJ):    0.360ns
    Discrete Jitter          (DJ):    0.000ns
    Phase Error              (PE):    0.000ns

    Location             Delay type                Incr(ns)  Path(ns)    Netlist Resource(s)
  -------------------------------------------------------------------    -------------------
                         (clock clk_fpga_0 rise edge)
                                                      0.000     0.000 r  
    PS7_X0Y0             PS7                          0.000     0.000 r  design_1_i/processing_system7_0/inst/PS7_i/FCLKCLK[0]
                         net (fo=1, routed)           1.193     1.193    design_1_i/processing_system7_0/inst/FCLK_CLK_unbuffered[0]
    BUFGCTRL_X0Y16       BUFG (Prop_bufg_I_O)         0.101     1.294 r  design_1_i/processing_system7_0/inst/buffer_fclk_clk_0.FCLK_CLK_0_BUFG/O
                         net (fo=22920, routed)       1.737     3.031    design_1_i/mobilenet_0/inst/ap_clk
    SLICE_X80Y42         FDRE                                         r  design_1_i/mobilenet_0/inst/ap_CS_fsm_reg[1360]/C
  -------------------------------------------------------------------    -------------------
    SLICE_X80Y42         FDRE (Prop_fdre_C_Q)         0.456     3.487 r  design_1_i/mobilenet_0/inst/ap_CS_fsm_reg[1360]/Q
                         net (fo=13, routed)          1.373     4.860    design_1_i/mobilenet_0/inst/mobilenet_INPUT_r_m_axi_U/bus_read/rs_rreq/ap_CS_fsm_reg[1586][809]
    SLICE_X90Y50         LUT4 (Prop_lut4_I1_O)        0.124     4.984 r  design_1_i/mobilenet_0/inst/mobilenet_INPUT_r_m_axi_U/bus_read/rs_rreq/data_p2[36]_i_234/O
                         net (fo=1, routed)           0.586     5.570    design_1_i/mobilenet_0/inst/mobilenet_INPUT_r_m_axi_U/bus_read/rs_rreq/data_p2[36]_i_234_n_17
    SLICE_X90Y49         LUT5 (Prop_lut5_I4_O)        0.124     5.694 r  design_1_i/mobilenet_0/inst/mobilenet_INPUT_r_m_axi_U/bus_read/rs_rreq/data_p2[36]_i_213/O
                         net (fo=1, routed)           0.593     6.287    design_1_i/mobilenet_0/inst/mobilenet_INPUT_r_m_axi_U/bus_read/rs_rreq/data_p2[36]_i_213_n_17
    SLICE_X90Y48         LUT6 (Prop_lut6_I5_O)        0.124     6.411 r  design_1_i/mobilenet_0/inst/mobilenet_INPUT_r_m_axi_U/bus_read/rs_rreq/data_p2[36]_i_168/O
                         net (fo=1, routed)           0.670     7.081    design_1_i/mobilenet_0/inst/mobilenet_INPUT_r_m_axi_U/bus_read/rs_rreq/data_p2[36]_i_168_n_17
    SLICE_X88Y50         LUT6 (Prop_lut6_I0_O)        0.124     7.205 r  design_1_i/mobilenet_0/inst/mobilenet_INPUT_r_m_axi_U/bus_read/rs_rreq/data_p2[36]_i_112/O
                         net (fo=1, routed)           0.956     8.161    design_1_i/mobilenet_0/inst/mobilenet_INPUT_r_m_axi_U/bus_read/rs_rreq/data_p2[36]_i_112_n_17
    SLICE_X84Y49         LUT6 (Prop_lut6_I5_O)        0.124     8.285 r  design_1_i/mobilenet_0/inst/mobilenet_INPUT_r_m_axi_U/bus_read/rs_rreq/data_p2[36]_i_63/O
                         net (fo=1, routed)           0.490     8.775    design_1_i/mobilenet_0/inst/mobilenet_INPUT_r_m_axi_U/bus_read/rs_rreq/data_p2[36]_i_63_n_17
    SLICE_X75Y49         LUT6 (Prop_lut6_I5_O)        0.124     8.899 r  design_1_i/mobilenet_0/inst/mobilenet_INPUT_r_m_axi_U/bus_read/rs_rreq/data_p2[36]_i_31/O
                         net (fo=1, routed)           0.558     9.456    design_1_i/mobilenet_0/inst/mobilenet_INPUT_r_m_axi_U/bus_read/rs_rreq/data_p2[36]_i_31_n_17
    SLICE_X70Y49         LUT6 (Prop_lut6_I5_O)        0.124     9.580 r  design_1_i/mobilenet_0/inst/mobilenet_INPUT_r_m_axi_U/bus_read/rs_rreq/data_p2[36]_i_10/O
                         net (fo=34, routed)          1.165    10.745    design_1_i/mobilenet_0/inst/mobilenet_INPUT_r_m_axi_U/bus_read/rs_rreq/INPUT_r_ARID112_out
    SLICE_X48Y41         LUT3 (Prop_lut3_I0_O)        0.124    10.869 r  design_1_i/mobilenet_0/inst/mobilenet_INPUT_r_m_axi_U/bus_read/rs_rreq/data_p2[36]_i_4/O
                         net (fo=66, routed)          1.171    12.041    design_1_i/mobilenet_0/inst/grp_load_weight_3D_from_s_fu_7043/ap_CS_fsm_reg[799]
    SLICE_X48Y32         LUT6 (Prop_lut6_I4_O)        0.124    12.165 r  design_1_i/mobilenet_0/inst/grp_load_weight_3D_from_s_fu_7043/FSM_sequential_state[1]_i_2__2/O
                         net (fo=6, routed)           1.023    13.188    design_1_i/mobilenet_0/inst/mobilenet_INPUT_r_m_axi_U/bus_read/rs_rdata/ap_enable_reg_pp0_iter9_reg
    SLICE_X39Y23         LUT4 (Prop_lut4_I0_O)        0.124    13.312 r  design_1_i/mobilenet_0/inst/mobilenet_INPUT_r_m_axi_U/bus_read/rs_rdata/data_p1[15]_i_1__0/O
                         net (fo=16, routed)          0.718    14.029    design_1_i/mobilenet_0/inst/mobilenet_INPUT_r_m_axi_U/bus_read/rs_rdata/load_p1
    SLICE_X37Y17         FDRE                                         r  design_1_i/mobilenet_0/inst/mobilenet_INPUT_r_m_axi_U/bus_read/rs_rdata/data_p1_reg[12]/CE
  -------------------------------------------------------------------    -------------------

                         (clock clk_fpga_0 rise edge)
                                                     12.000    12.000 r  
    PS7_X0Y0             PS7                          0.000    12.000 r  design_1_i/processing_system7_0/inst/PS7_i/FCLKCLK[0]
                         net (fo=1, routed)           1.088    13.088    design_1_i/processing_system7_0/inst/FCLK_CLK_unbuffered[0]
    BUFGCTRL_X0Y16       BUFG (Prop_bufg_I_O)         0.091    13.179 r  design_1_i/processing_system7_0/inst/buffer_fclk_clk_0.FCLK_CLK_0_BUFG/O
                         net (fo=22920, routed)       1.487    14.667    design_1_i/mobilenet_0/inst/mobilenet_INPUT_r_m_axi_U/bus_read/rs_rdata/ap_clk
    SLICE_X37Y17         FDRE                                         r  design_1_i/mobilenet_0/inst/mobilenet_INPUT_r_m_axi_U/bus_read/rs_rdata/data_p1_reg[12]/C
                         clock pessimism              0.129    14.795    
                         clock uncertainty           -0.183    14.612    
    SLICE_X37Y17         FDRE (Setup_fdre_C_CE)      -0.205    14.407    design_1_i/mobilenet_0/inst/mobilenet_INPUT_r_m_axi_U/bus_read/rs_rdata/data_p1_reg[12]
  -------------------------------------------------------------------
                         required time                         14.407    
                         arrival time                         -14.029    
  -------------------------------------------------------------------
                         slack                                  0.378    

Slack (MET) :             0.378ns  (required time - arrival time)
  Source:                 design_1_i/mobilenet_0/inst/ap_CS_fsm_reg[1360]/C
                            (rising edge-triggered cell FDRE clocked by clk_fpga_0  {rise@0.000ns fall@6.000ns period=12.000ns})
  Destination:            design_1_i/mobilenet_0/inst/mobilenet_INPUT_r_m_axi_U/bus_read/rs_rdata/data_p1_reg[5]/CE
                            (rising edge-triggered cell FDRE clocked by clk_fpga_0  {rise@0.000ns fall@6.000ns period=12.000ns})
  Path Group:             clk_fpga_0
  Path Type:              Setup (Max at Slow Process Corner)
  Requirement:            12.000ns  (clk_fpga_0 rise@12.000ns - clk_fpga_0 rise@0.000ns)
  Data Path Delay:        10.998ns  (logic 1.696ns (15.421%)  route 9.302ns (84.579%))
  Logic Levels:           10  (LUT3=1 LUT4=2 LUT5=1 LUT6=6)
  Clock Path Skew:        -0.236ns (DCD - SCD + CPR)
    Destination Clock Delay (DCD):    2.666ns = ( 14.667 - 12.000 ) 
    Source Clock Delay      (SCD):    3.031ns
    Clock Pessimism Removal (CPR):    0.129ns
  Clock Uncertainty:      0.183ns  ((TSJ^2 + TIJ^2)^1/2 + DJ) / 2 + PE
    Total System Jitter     (TSJ):    0.071ns
    Total Input Jitter      (TIJ):    0.360ns
    Discrete Jitter          (DJ):    0.000ns
    Phase Error              (PE):    0.000ns

    Location             Delay type                Incr(ns)  Path(ns)    Netlist Resource(s)
  -------------------------------------------------------------------    -------------------
                         (clock clk_fpga_0 rise edge)
                                                      0.000     0.000 r  
    PS7_X0Y0             PS7                          0.000     0.000 r  design_1_i/processing_system7_0/inst/PS7_i/FCLKCLK[0]
                         net (fo=1, routed)           1.193     1.193    design_1_i/processing_system7_0/inst/FCLK_CLK_unbuffered[0]
    BUFGCTRL_X0Y16       BUFG (Prop_bufg_I_O)         0.101     1.294 r  design_1_i/processing_system7_0/inst/buffer_fclk_clk_0.FCLK_CLK_0_BUFG/O
                         net (fo=22920, routed)       1.737     3.031    design_1_i/mobilenet_0/inst/ap_clk
    SLICE_X80Y42         FDRE                                         r  design_1_i/mobilenet_0/inst/ap_CS_fsm_reg[1360]/C
  -------------------------------------------------------------------    -------------------
    SLICE_X80Y42         FDRE (Prop_fdre_C_Q)         0.456     3.487 r  design_1_i/mobilenet_0/inst/ap_CS_fsm_reg[1360]/Q
                         net (fo=13, routed)          1.373     4.860    design_1_i/mobilenet_0/inst/mobilenet_INPUT_r_m_axi_U/bus_read/rs_rreq/ap_CS_fsm_reg[1586][809]
    SLICE_X90Y50         LUT4 (Prop_lut4_I1_O)        0.124     4.984 r  design_1_i/mobilenet_0/inst/mobilenet_INPUT_r_m_axi_U/bus_read/rs_rreq/data_p2[36]_i_234/O
                         net (fo=1, routed)           0.586     5.570    design_1_i/mobilenet_0/inst/mobilenet_INPUT_r_m_axi_U/bus_read/rs_rreq/data_p2[36]_i_234_n_17
    SLICE_X90Y49         LUT5 (Prop_lut5_I4_O)        0.124     5.694 r  design_1_i/mobilenet_0/inst/mobilenet_INPUT_r_m_axi_U/bus_read/rs_rreq/data_p2[36]_i_213/O
                         net (fo=1, routed)           0.593     6.287    design_1_i/mobilenet_0/inst/mobilenet_INPUT_r_m_axi_U/bus_read/rs_rreq/data_p2[36]_i_213_n_17
    SLICE_X90Y48         LUT6 (Prop_lut6_I5_O)        0.124     6.411 r  design_1_i/mobilenet_0/inst/mobilenet_INPUT_r_m_axi_U/bus_read/rs_rreq/data_p2[36]_i_168/O
                         net (fo=1, routed)           0.670     7.081    design_1_i/mobilenet_0/inst/mobilenet_INPUT_r_m_axi_U/bus_read/rs_rreq/data_p2[36]_i_168_n_17
    SLICE_X88Y50         LUT6 (Prop_lut6_I0_O)        0.124     7.205 r  design_1_i/mobilenet_0/inst/mobilenet_INPUT_r_m_axi_U/bus_read/rs_rreq/data_p2[36]_i_112/O
                         net (fo=1, routed)           0.956     8.161    design_1_i/mobilenet_0/inst/mobilenet_INPUT_r_m_axi_U/bus_read/rs_rreq/data_p2[36]_i_112_n_17
    SLICE_X84Y49         LUT6 (Prop_lut6_I5_O)        0.124     8.285 r  design_1_i/mobilenet_0/inst/mobilenet_INPUT_r_m_axi_U/bus_read/rs_rreq/data_p2[36]_i_63/O
                         net (fo=1, routed)           0.490     8.775    design_1_i/mobilenet_0/inst/mobilenet_INPUT_r_m_axi_U/bus_read/rs_rreq/data_p2[36]_i_63_n_17
    SLICE_X75Y49         LUT6 (Prop_lut6_I5_O)        0.124     8.899 r  design_1_i/mobilenet_0/inst/mobilenet_INPUT_r_m_axi_U/bus_read/rs_rreq/data_p2[36]_i_31/O
                         net (fo=1, routed)           0.558     9.456    design_1_i/mobilenet_0/inst/mobilenet_INPUT_r_m_axi_U/bus_read/rs_rreq/data_p2[36]_i_31_n_17
    SLICE_X70Y49         LUT6 (Prop_lut6_I5_O)        0.124     9.580 r  design_1_i/mobilenet_0/inst/mobilenet_INPUT_r_m_axi_U/bus_read/rs_rreq/data_p2[36]_i_10/O
                         net (fo=34, routed)          1.165    10.745    design_1_i/mobilenet_0/inst/mobilenet_INPUT_r_m_axi_U/bus_read/rs_rreq/INPUT_r_ARID112_out
    SLICE_X48Y41         LUT3 (Prop_lut3_I0_O)        0.124    10.869 r  design_1_i/mobilenet_0/inst/mobilenet_INPUT_r_m_axi_U/bus_read/rs_rreq/data_p2[36]_i_4/O
                         net (fo=66, routed)          1.171    12.041    design_1_i/mobilenet_0/inst/grp_load_weight_3D_from_s_fu_7043/ap_CS_fsm_reg[799]
    SLICE_X48Y32         LUT6 (Prop_lut6_I4_O)        0.124    12.165 r  design_1_i/mobilenet_0/inst/grp_load_weight_3D_from_s_fu_7043/FSM_sequential_state[1]_i_2__2/O
                         net (fo=6, routed)           1.023    13.188    design_1_i/mobilenet_0/inst/mobilenet_INPUT_r_m_axi_U/bus_read/rs_rdata/ap_enable_reg_pp0_iter9_reg
    SLICE_X39Y23         LUT4 (Prop_lut4_I0_O)        0.124    13.312 r  design_1_i/mobilenet_0/inst/mobilenet_INPUT_r_m_axi_U/bus_read/rs_rdata/data_p1[15]_i_1__0/O
                         net (fo=16, routed)          0.718    14.029    design_1_i/mobilenet_0/inst/mobilenet_INPUT_r_m_axi_U/bus_read/rs_rdata/load_p1
    SLICE_X37Y17         FDRE                                         r  design_1_i/mobilenet_0/inst/mobilenet_INPUT_r_m_axi_U/bus_read/rs_rdata/data_p1_reg[5]/CE
  -------------------------------------------------------------------    -------------------

                         (clock clk_fpga_0 rise edge)
                                                     12.000    12.000 r  
    PS7_X0Y0             PS7                          0.000    12.000 r  design_1_i/processing_system7_0/inst/PS7_i/FCLKCLK[0]
                         net (fo=1, routed)           1.088    13.088    design_1_i/processing_system7_0/inst/FCLK_CLK_unbuffered[0]
    BUFGCTRL_X0Y16       BUFG (Prop_bufg_I_O)         0.091    13.179 r  design_1_i/processing_system7_0/inst/buffer_fclk_clk_0.FCLK_CLK_0_BUFG/O
                         net (fo=22920, routed)       1.487    14.667    design_1_i/mobilenet_0/inst/mobilenet_INPUT_r_m_axi_U/bus_read/rs_rdata/ap_clk
    SLICE_X37Y17         FDRE                                         r  design_1_i/mobilenet_0/inst/mobilenet_INPUT_r_m_axi_U/bus_read/rs_rdata/data_p1_reg[5]/C
                         clock pessimism              0.129    14.795    
                         clock uncertainty           -0.183    14.612    
    SLICE_X37Y17         FDRE (Setup_fdre_C_CE)      -0.205    14.407    design_1_i/mobilenet_0/inst/mobilenet_INPUT_r_m_axi_U/bus_read/rs_rdata/data_p1_reg[5]
  -------------------------------------------------------------------
                         required time                         14.407    
                         arrival time                         -14.029    
  -------------------------------------------------------------------
                         slack                                  0.378    

Slack (MET) :             0.494ns  (required time - arrival time)
  Source:                 design_1_i/mobilenet_0/inst/ap_CS_fsm_reg[1360]/C
                            (rising edge-triggered cell FDRE clocked by clk_fpga_0  {rise@0.000ns fall@6.000ns period=12.000ns})
  Destination:            design_1_i/mobilenet_0/inst/mobilenet_INPUT_r_m_axi_U/bus_read/rs_rdata/data_p1_reg[11]/CE
                            (rising edge-triggered cell FDRE clocked by clk_fpga_0  {rise@0.000ns fall@6.000ns period=12.000ns})
  Path Group:             clk_fpga_0
  Path Type:              Setup (Max at Slow Process Corner)
  Requirement:            12.000ns  (clk_fpga_0 rise@12.000ns - clk_fpga_0 rise@0.000ns)
  Data Path Delay:        10.883ns  (logic 1.696ns (15.584%)  route 9.187ns (84.416%))
  Logic Levels:           10  (LUT3=1 LUT4=2 LUT5=1 LUT6=6)
  Clock Path Skew:        -0.235ns (DCD - SCD + CPR)
    Destination Clock Delay (DCD):    2.667ns = ( 14.667 - 12.000 ) 
    Source Clock Delay      (SCD):    3.031ns
    Clock Pessimism Removal (CPR):    0.129ns
  Clock Uncertainty:      0.183ns  ((TSJ^2 + TIJ^2)^1/2 + DJ) / 2 + PE
    Total System Jitter     (TSJ):    0.071ns
    Total Input Jitter      (TIJ):    0.360ns
    Discrete Jitter          (DJ):    0.000ns
    Phase Error              (PE):    0.000ns

    Location             Delay type                Incr(ns)  Path(ns)    Netlist Resource(s)
  -------------------------------------------------------------------    -------------------
                         (clock clk_fpga_0 rise edge)
                                                      0.000     0.000 r  
    PS7_X0Y0             PS7                          0.000     0.000 r  design_1_i/processing_system7_0/inst/PS7_i/FCLKCLK[0]
                         net (fo=1, routed)           1.193     1.193    design_1_i/processing_system7_0/inst/FCLK_CLK_unbuffered[0]
    BUFGCTRL_X0Y16       BUFG (Prop_bufg_I_O)         0.101     1.294 r  design_1_i/processing_system7_0/inst/buffer_fclk_clk_0.FCLK_CLK_0_BUFG/O
                         net (fo=22920, routed)       1.737     3.031    design_1_i/mobilenet_0/inst/ap_clk
    SLICE_X80Y42         FDRE                                         r  design_1_i/mobilenet_0/inst/ap_CS_fsm_reg[1360]/C
  -------------------------------------------------------------------    -------------------
    SLICE_X80Y42         FDRE (Prop_fdre_C_Q)         0.456     3.487 r  design_1_i/mobilenet_0/inst/ap_CS_fsm_reg[1360]/Q
                         net (fo=13, routed)          1.373     4.860    design_1_i/mobilenet_0/inst/mobilenet_INPUT_r_m_axi_U/bus_read/rs_rreq/ap_CS_fsm_reg[1586][809]
    SLICE_X90Y50         LUT4 (Prop_lut4_I1_O)        0.124     4.984 r  design_1_i/mobilenet_0/inst/mobilenet_INPUT_r_m_axi_U/bus_read/rs_rreq/data_p2[36]_i_234/O
                         net (fo=1, routed)           0.586     5.570    design_1_i/mobilenet_0/inst/mobilenet_INPUT_r_m_axi_U/bus_read/rs_rreq/data_p2[36]_i_234_n_17
    SLICE_X90Y49         LUT5 (Prop_lut5_I4_O)        0.124     5.694 r  design_1_i/mobilenet_0/inst/mobilenet_INPUT_r_m_axi_U/bus_read/rs_rreq/data_p2[36]_i_213/O
                         net (fo=1, routed)           0.593     6.287    design_1_i/mobilenet_0/inst/mobilenet_INPUT_r_m_axi_U/bus_read/rs_rreq/data_p2[36]_i_213_n_17
    SLICE_X90Y48         LUT6 (Prop_lut6_I5_O)        0.124     6.411 r  design_1_i/mobilenet_0/inst/mobilenet_INPUT_r_m_axi_U/bus_read/rs_rreq/data_p2[36]_i_168/O
                         net (fo=1, routed)           0.670     7.081    design_1_i/mobilenet_0/inst/mobilenet_INPUT_r_m_axi_U/bus_read/rs_rreq/data_p2[36]_i_168_n_17
    SLICE_X88Y50         LUT6 (Prop_lut6_I0_O)        0.124     7.205 r  design_1_i/mobilenet_0/inst/mobilenet_INPUT_r_m_axi_U/bus_read/rs_rreq/data_p2[36]_i_112/O
                         net (fo=1, routed)           0.956     8.161    design_1_i/mobilenet_0/inst/mobilenet_INPUT_r_m_axi_U/bus_read/rs_rreq/data_p2[36]_i_112_n_17
    SLICE_X84Y49         LUT6 (Prop_lut6_I5_O)        0.124     8.285 r  design_1_i/mobilenet_0/inst/mobilenet_INPUT_r_m_axi_U/bus_read/rs_rreq/data_p2[36]_i_63/O
                         net (fo=1, routed)           0.490     8.775    design_1_i/mobilenet_0/inst/mobilenet_INPUT_r_m_axi_U/bus_read/rs_rreq/data_p2[36]_i_63_n_17
    SLICE_X75Y49         LUT6 (Prop_lut6_I5_O)        0.124     8.899 r  design_1_i/mobilenet_0/inst/mobilenet_INPUT_r_m_axi_U/bus_read/rs_rreq/data_p2[36]_i_31/O
                         net (fo=1, routed)           0.558     9.456    design_1_i/mobilenet_0/inst/mobilenet_INPUT_r_m_axi_U/bus_read/rs_rreq/data_p2[36]_i_31_n_17
    SLICE_X70Y49         LUT6 (Prop_lut6_I5_O)        0.124     9.580 r  design_1_i/mobilenet_0/inst/mobilenet_INPUT_r_m_axi_U/bus_read/rs_rreq/data_p2[36]_i_10/O
                         net (fo=34, routed)          1.165    10.745    design_1_i/mobilenet_0/inst/mobilenet_INPUT_r_m_axi_U/bus_read/rs_rreq/INPUT_r_ARID112_out
    SLICE_X48Y41         LUT3 (Prop_lut3_I0_O)        0.124    10.869 r  design_1_i/mobilenet_0/inst/mobilenet_INPUT_r_m_axi_U/bus_read/rs_rreq/data_p2[36]_i_4/O
                         net (fo=66, routed)          1.171    12.041    design_1_i/mobilenet_0/inst/grp_load_weight_3D_from_s_fu_7043/ap_CS_fsm_reg[799]
    SLICE_X48Y32         LUT6 (Prop_lut6_I4_O)        0.124    12.165 r  design_1_i/mobilenet_0/inst/grp_load_weight_3D_from_s_fu_7043/FSM_sequential_state[1]_i_2__2/O
                         net (fo=6, routed)           1.023    13.188    design_1_i/mobilenet_0/inst/mobilenet_INPUT_r_m_axi_U/bus_read/rs_rdata/ap_enable_reg_pp0_iter9_reg
    SLICE_X39Y23         LUT4 (Prop_lut4_I0_O)        0.124    13.312 r  design_1_i/mobilenet_0/inst/mobilenet_INPUT_r_m_axi_U/bus_read/rs_rdata/data_p1[15]_i_1__0/O
                         net (fo=16, routed)          0.603    13.914    design_1_i/mobilenet_0/inst/mobilenet_INPUT_r_m_axi_U/bus_read/rs_rdata/load_p1
    SLICE_X37Y16         FDRE                                         r  design_1_i/mobilenet_0/inst/mobilenet_INPUT_r_m_axi_U/bus_read/rs_rdata/data_p1_reg[11]/CE
  -------------------------------------------------------------------    -------------------

                         (clock clk_fpga_0 rise edge)
                                                     12.000    12.000 r  
    PS7_X0Y0             PS7                          0.000    12.000 r  design_1_i/processing_system7_0/inst/PS7_i/FCLKCLK[0]
                         net (fo=1, routed)           1.088    13.088    design_1_i/processing_system7_0/inst/FCLK_CLK_unbuffered[0]
    BUFGCTRL_X0Y16       BUFG (Prop_bufg_I_O)         0.091    13.179 r  design_1_i/processing_system7_0/inst/buffer_fclk_clk_0.FCLK_CLK_0_BUFG/O
                         net (fo=22920, routed)       1.488    14.667    design_1_i/mobilenet_0/inst/mobilenet_INPUT_r_m_axi_U/bus_read/rs_rdata/ap_clk
    SLICE_X37Y16         FDRE                                         r  design_1_i/mobilenet_0/inst/mobilenet_INPUT_r_m_axi_U/bus_read/rs_rdata/data_p1_reg[11]/C
                         clock pessimism              0.129    14.796    
                         clock uncertainty           -0.183    14.613    
    SLICE_X37Y16         FDRE (Setup_fdre_C_CE)      -0.205    14.408    design_1_i/mobilenet_0/inst/mobilenet_INPUT_r_m_axi_U/bus_read/rs_rdata/data_p1_reg[11]
  -------------------------------------------------------------------
                         required time                         14.408    
                         arrival time                         -13.914    
  -------------------------------------------------------------------
                         slack                                  0.494    

Slack (MET) :             0.494ns  (required time - arrival time)
  Source:                 design_1_i/mobilenet_0/inst/ap_CS_fsm_reg[1360]/C
                            (rising edge-triggered cell FDRE clocked by clk_fpga_0  {rise@0.000ns fall@6.000ns period=12.000ns})
  Destination:            design_1_i/mobilenet_0/inst/mobilenet_INPUT_r_m_axi_U/bus_read/rs_rdata/data_p1_reg[1]/CE
                            (rising edge-triggered cell FDRE clocked by clk_fpga_0  {rise@0.000ns fall@6.000ns period=12.000ns})
  Path Group:             clk_fpga_0
  Path Type:              Setup (Max at Slow Process Corner)
  Requirement:            12.000ns  (clk_fpga_0 rise@12.000ns - clk_fpga_0 rise@0.000ns)
  Data Path Delay:        10.883ns  (logic 1.696ns (15.584%)  route 9.187ns (84.416%))
  Logic Levels:           10  (LUT3=1 LUT4=2 LUT5=1 LUT6=6)
  Clock Path Skew:        -0.235ns (DCD - SCD + CPR)
    Destination Clock Delay (DCD):    2.667ns = ( 14.667 - 12.000 ) 
    Source Clock Delay      (SCD):    3.031ns
    Clock Pessimism Removal (CPR):    0.129ns
  Clock Uncertainty:      0.183ns  ((TSJ^2 + TIJ^2)^1/2 + DJ) / 2 + PE
    Total System Jitter     (TSJ):    0.071ns
    Total Input Jitter      (TIJ):    0.360ns
    Discrete Jitter          (DJ):    0.000ns
    Phase Error              (PE):    0.000ns

    Location             Delay type                Incr(ns)  Path(ns)    Netlist Resource(s)
  -------------------------------------------------------------------    -------------------
                         (clock clk_fpga_0 rise edge)
                                                      0.000     0.000 r  
    PS7_X0Y0             PS7                          0.000     0.000 r  design_1_i/processing_system7_0/inst/PS7_i/FCLKCLK[0]
                         net (fo=1, routed)           1.193     1.193    design_1_i/processing_system7_0/inst/FCLK_CLK_unbuffered[0]
    BUFGCTRL_X0Y16       BUFG (Prop_bufg_I_O)         0.101     1.294 r  design_1_i/processing_system7_0/inst/buffer_fclk_clk_0.FCLK_CLK_0_BUFG/O
                         net (fo=22920, routed)       1.737     3.031    design_1_i/mobilenet_0/inst/ap_clk
    SLICE_X80Y42         FDRE                                         r  design_1_i/mobilenet_0/inst/ap_CS_fsm_reg[1360]/C
  -------------------------------------------------------------------    -------------------
    SLICE_X80Y42         FDRE (Prop_fdre_C_Q)         0.456     3.487 r  design_1_i/mobilenet_0/inst/ap_CS_fsm_reg[1360]/Q
                         net (fo=13, routed)          1.373     4.860    design_1_i/mobilenet_0/inst/mobilenet_INPUT_r_m_axi_U/bus_read/rs_rreq/ap_CS_fsm_reg[1586][809]
    SLICE_X90Y50         LUT4 (Prop_lut4_I1_O)        0.124     4.984 r  design_1_i/mobilenet_0/inst/mobilenet_INPUT_r_m_axi_U/bus_read/rs_rreq/data_p2[36]_i_234/O
                         net (fo=1, routed)           0.586     5.570    design_1_i/mobilenet_0/inst/mobilenet_INPUT_r_m_axi_U/bus_read/rs_rreq/data_p2[36]_i_234_n_17
    SLICE_X90Y49         LUT5 (Prop_lut5_I4_O)        0.124     5.694 r  design_1_i/mobilenet_0/inst/mobilenet_INPUT_r_m_axi_U/bus_read/rs_rreq/data_p2[36]_i_213/O
                         net (fo=1, routed)           0.593     6.287    design_1_i/mobilenet_0/inst/mobilenet_INPUT_r_m_axi_U/bus_read/rs_rreq/data_p2[36]_i_213_n_17
    SLICE_X90Y48         LUT6 (Prop_lut6_I5_O)        0.124     6.411 r  design_1_i/mobilenet_0/inst/mobilenet_INPUT_r_m_axi_U/bus_read/rs_rreq/data_p2[36]_i_168/O
                         net (fo=1, routed)           0.670     7.081    design_1_i/mobilenet_0/inst/mobilenet_INPUT_r_m_axi_U/bus_read/rs_rreq/data_p2[36]_i_168_n_17
    SLICE_X88Y50         LUT6 (Prop_lut6_I0_O)        0.124     7.205 r  design_1_i/mobilenet_0/inst/mobilenet_INPUT_r_m_axi_U/bus_read/rs_rreq/data_p2[36]_i_112/O
                         net (fo=1, routed)           0.956     8.161    design_1_i/mobilenet_0/inst/mobilenet_INPUT_r_m_axi_U/bus_read/rs_rreq/data_p2[36]_i_112_n_17
    SLICE_X84Y49         LUT6 (Prop_lut6_I5_O)        0.124     8.285 r  design_1_i/mobilenet_0/inst/mobilenet_INPUT_r_m_axi_U/bus_read/rs_rreq/data_p2[36]_i_63/O
                         net (fo=1, routed)           0.490     8.775    design_1_i/mobilenet_0/inst/mobilenet_INPUT_r_m_axi_U/bus_read/rs_rreq/data_p2[36]_i_63_n_17
    SLICE_X75Y49         LUT6 (Prop_lut6_I5_O)        0.124     8.899 r  design_1_i/mobilenet_0/inst/mobilenet_INPUT_r_m_axi_U/bus_read/rs_rreq/data_p2[36]_i_31/O
                         net (fo=1, routed)           0.558     9.456    design_1_i/mobilenet_0/inst/mobilenet_INPUT_r_m_axi_U/bus_read/rs_rreq/data_p2[36]_i_31_n_17
    SLICE_X70Y49         LUT6 (Prop_lut6_I5_O)        0.124     9.580 r  design_1_i/mobilenet_0/inst/mobilenet_INPUT_r_m_axi_U/bus_read/rs_rreq/data_p2[36]_i_10/O
                         net (fo=34, routed)          1.165    10.745    design_1_i/mobilenet_0/inst/mobilenet_INPUT_r_m_axi_U/bus_read/rs_rreq/INPUT_r_ARID112_out
    SLICE_X48Y41         LUT3 (Prop_lut3_I0_O)        0.124    10.869 r  design_1_i/mobilenet_0/inst/mobilenet_INPUT_r_m_axi_U/bus_read/rs_rreq/data_p2[36]_i_4/O
                         net (fo=66, routed)          1.171    12.041    design_1_i/mobilenet_0/inst/grp_load_weight_3D_from_s_fu_7043/ap_CS_fsm_reg[799]
    SLICE_X48Y32         LUT6 (Prop_lut6_I4_O)        0.124    12.165 r  design_1_i/mobilenet_0/inst/grp_load_weight_3D_from_s_fu_7043/FSM_sequential_state[1]_i_2__2/O
                         net (fo=6, routed)           1.023    13.188    design_1_i/mobilenet_0/inst/mobilenet_INPUT_r_m_axi_U/bus_read/rs_rdata/ap_enable_reg_pp0_iter9_reg
    SLICE_X39Y23         LUT4 (Prop_lut4_I0_O)        0.124    13.312 r  design_1_i/mobilenet_0/inst/mobilenet_INPUT_r_m_axi_U/bus_read/rs_rdata/data_p1[15]_i_1__0/O
                         net (fo=16, routed)          0.603    13.914    design_1_i/mobilenet_0/inst/mobilenet_INPUT_r_m_axi_U/bus_read/rs_rdata/load_p1
    SLICE_X37Y16         FDRE                                         r  design_1_i/mobilenet_0/inst/mobilenet_INPUT_r_m_axi_U/bus_read/rs_rdata/data_p1_reg[1]/CE
  -------------------------------------------------------------------    -------------------

                         (clock clk_fpga_0 rise edge)
                                                     12.000    12.000 r  
    PS7_X0Y0             PS7                          0.000    12.000 r  design_1_i/processing_system7_0/inst/PS7_i/FCLKCLK[0]
                         net (fo=1, routed)           1.088    13.088    design_1_i/processing_system7_0/inst/FCLK_CLK_unbuffered[0]
    BUFGCTRL_X0Y16       BUFG (Prop_bufg_I_O)         0.091    13.179 r  design_1_i/processing_system7_0/inst/buffer_fclk_clk_0.FCLK_CLK_0_BUFG/O
                         net (fo=22920, routed)       1.488    14.667    design_1_i/mobilenet_0/inst/mobilenet_INPUT_r_m_axi_U/bus_read/rs_rdata/ap_clk
    SLICE_X37Y16         FDRE                                         r  design_1_i/mobilenet_0/inst/mobilenet_INPUT_r_m_axi_U/bus_read/rs_rdata/data_p1_reg[1]/C
                         clock pessimism              0.129    14.796    
                         clock uncertainty           -0.183    14.613    
    SLICE_X37Y16         FDRE (Setup_fdre_C_CE)      -0.205    14.408    design_1_i/mobilenet_0/inst/mobilenet_INPUT_r_m_axi_U/bus_read/rs_rdata/data_p1_reg[1]
  -------------------------------------------------------------------
                         required time                         14.408    
                         arrival time                         -13.914    
  -------------------------------------------------------------------
                         slack                                  0.494    





Min Delay Paths
--------------------------------------------------------------------------------------
Slack (MET) :             0.051ns  (arrival time - required time)
  Source:                 design_1_i/axi_smc_1/inst/s00_entry_pipeline/s00_mmu/inst/aw_sreg/skid2vector_q_reg/C
                            (rising edge-triggered cell FDRE clocked by clk_fpga_0  {rise@0.000ns fall@6.000ns period=12.000ns})
  Destination:            design_1_i/axi_smc_1/inst/s00_entry_pipeline/s00_mmu/inst/aw_sreg/m_vector_i_reg[1127]/D
                            (rising edge-triggered cell FDRE clocked by clk_fpga_0  {rise@0.000ns fall@6.000ns period=12.000ns})
  Path Group:             clk_fpga_0
  Path Type:              Hold (Min at Fast Process Corner)
  Requirement:            0.000ns  (clk_fpga_0 rise@0.000ns - clk_fpga_0 rise@0.000ns)
  Data Path Delay:        0.425ns  (logic 0.212ns (49.940%)  route 0.213ns (50.060%))
  Logic Levels:           1  (LUT3=1)
  Clock Path Skew:        0.266ns (DCD - SCD - CPR)
    Destination Clock Delay (DCD):    1.190ns
    Source Clock Delay      (SCD):    0.889ns
    Clock Pessimism Removal (CPR):    0.035ns

    Location             Delay type                Incr(ns)  Path(ns)    Netlist Resource(s)
  -------------------------------------------------------------------    -------------------
                         (clock clk_fpga_0 rise edge)
                                                      0.000     0.000 r  
    PS7_X0Y0             PS7                          0.000     0.000 r  design_1_i/processing_system7_0/inst/PS7_i/FCLKCLK[0]
                         net (fo=1, routed)           0.310     0.310    design_1_i/processing_system7_0/inst/FCLK_CLK_unbuffered[0]
    BUFGCTRL_X0Y16       BUFG (Prop_bufg_I_O)         0.026     0.336 r  design_1_i/processing_system7_0/inst/buffer_fclk_clk_0.FCLK_CLK_0_BUFG/O
                         net (fo=22920, routed)       0.553     0.889    design_1_i/axi_smc_1/inst/s00_entry_pipeline/s00_mmu/inst/aw_sreg/aclk
    SLICE_X50Y52         FDRE                                         r  design_1_i/axi_smc_1/inst/s00_entry_pipeline/s00_mmu/inst/aw_sreg/skid2vector_q_reg/C
  -------------------------------------------------------------------    -------------------
    SLICE_X50Y52         FDRE (Prop_fdre_C_Q)         0.164     1.053 r  design_1_i/axi_smc_1/inst/s00_entry_pipeline/s00_mmu/inst/aw_sreg/skid2vector_q_reg/Q
                         net (fo=37, routed)          0.213     1.265    design_1_i/axi_smc_1/inst/s00_entry_pipeline/s00_mmu/inst/aw_sreg/skid2vector_q
    SLICE_X48Y54         LUT3 (Prop_lut3_I2_O)        0.048     1.313 r  design_1_i/axi_smc_1/inst/s00_entry_pipeline/s00_mmu/inst/aw_sreg/m_vector_i[1127]_i_1/O
                         net (fo=1, routed)           0.000     1.313    design_1_i/axi_smc_1/inst/s00_entry_pipeline/s00_mmu/inst/aw_sreg/m_vector_i[1127]_i_1_n_0
    SLICE_X48Y54         FDRE                                         r  design_1_i/axi_smc_1/inst/s00_entry_pipeline/s00_mmu/inst/aw_sreg/m_vector_i_reg[1127]/D
  -------------------------------------------------------------------    -------------------

                         (clock clk_fpga_0 rise edge)
                                                      0.000     0.000 r  
    PS7_X0Y0             PS7                          0.000     0.000 r  design_1_i/processing_system7_0/inst/PS7_i/FCLKCLK[0]
                         net (fo=1, routed)           0.337     0.337    design_1_i/processing_system7_0/inst/FCLK_CLK_unbuffered[0]
    BUFGCTRL_X0Y16       BUFG (Prop_bufg_I_O)         0.029     0.366 r  design_1_i/processing_system7_0/inst/buffer_fclk_clk_0.FCLK_CLK_0_BUFG/O
                         net (fo=22920, routed)       0.824     1.190    design_1_i/axi_smc_1/inst/s00_entry_pipeline/s00_mmu/inst/aw_sreg/aclk
    SLICE_X48Y54         FDRE                                         r  design_1_i/axi_smc_1/inst/s00_entry_pipeline/s00_mmu/inst/aw_sreg/m_vector_i_reg[1127]/C
                         clock pessimism             -0.035     1.155    
    SLICE_X48Y54         FDRE (Hold_fdre_C_D)         0.107     1.262    design_1_i/axi_smc_1/inst/s00_entry_pipeline/s00_mmu/inst/aw_sreg/m_vector_i_reg[1127]
  -------------------------------------------------------------------
                         required time                         -1.262    
                         arrival time                           1.313    
  -------------------------------------------------------------------
                         slack                                  0.051    

Slack (MET) :             0.051ns  (arrival time - required time)
  Source:                 design_1_i/axi_smc_2/inst/s00_entry_pipeline/s00_mmu/inst/aw_reg_stall/m_vector_i_reg[1067]/C
                            (rising edge-triggered cell FDRE clocked by clk_fpga_0  {rise@0.000ns fall@6.000ns period=12.000ns})
  Destination:            design_1_i/axi_smc_2/inst/s00_nodes/s00_aw_node/inst/inst_mi_handler/gen_normal_area.inst_fifo_node_payld/gen_xpm_memory_fifo.inst_fifo/gen_mem_rep[0].inst_xpm_memory/xpm_memory_base_inst/gen_wr_a.gen_word_narrow.mem_reg_0_31_102_107/RAMA/I
                            (rising edge-triggered cell RAMD32 clocked by clk_fpga_0  {rise@0.000ns fall@6.000ns period=12.000ns})
  Path Group:             clk_fpga_0
  Path Type:              Hold (Min at Fast Process Corner)
  Requirement:            0.000ns  (clk_fpga_0 rise@0.000ns - clk_fpga_0 rise@0.000ns)
  Data Path Delay:        0.211ns  (logic 0.141ns (66.741%)  route 0.070ns (33.259%))
  Logic Levels:           0  
  Clock Path Skew:        0.013ns (DCD - SCD - CPR)
    Destination Clock Delay (DCD):    1.177ns
    Source Clock Delay      (SCD):    0.882ns
    Clock Pessimism Removal (CPR):    0.282ns

    Location             Delay type                Incr(ns)  Path(ns)    Netlist Resource(s)
  -------------------------------------------------------------------    -------------------
                         (clock clk_fpga_0 rise edge)
                                                      0.000     0.000 r  
    PS7_X0Y0             PS7                          0.000     0.000 r  design_1_i/processing_system7_0/inst/PS7_i/FCLKCLK[0]
                         net (fo=1, routed)           0.310     0.310    design_1_i/processing_system7_0/inst/FCLK_CLK_unbuffered[0]
    BUFGCTRL_X0Y16       BUFG (Prop_bufg_I_O)         0.026     0.336 r  design_1_i/processing_system7_0/inst/buffer_fclk_clk_0.FCLK_CLK_0_BUFG/O
                         net (fo=22920, routed)       0.546     0.882    design_1_i/axi_smc_2/inst/s00_entry_pipeline/s00_mmu/inst/aw_reg_stall/aclk
    SLICE_X43Y77         FDRE                                         r  design_1_i/axi_smc_2/inst/s00_entry_pipeline/s00_mmu/inst/aw_reg_stall/m_vector_i_reg[1067]/C
  -------------------------------------------------------------------    -------------------
    SLICE_X43Y77         FDRE (Prop_fdre_C_Q)         0.141     1.023 r  design_1_i/axi_smc_2/inst/s00_entry_pipeline/s00_mmu/inst/aw_reg_stall/m_vector_i_reg[1067]/Q
                         net (fo=2, routed)           0.070     1.093    design_1_i/axi_smc_2/inst/s00_nodes/s00_aw_node/inst/inst_mi_handler/gen_normal_area.inst_fifo_node_payld/gen_xpm_memory_fifo.inst_fifo/gen_mem_rep[0].inst_xpm_memory/xpm_memory_base_inst/gen_wr_a.gen_word_narrow.mem_reg_0_31_102_107/DIA0
    SLICE_X42Y77         RAMD32                                       r  design_1_i/axi_smc_2/inst/s00_nodes/s00_aw_node/inst/inst_mi_handler/gen_normal_area.inst_fifo_node_payld/gen_xpm_memory_fifo.inst_fifo/gen_mem_rep[0].inst_xpm_memory/xpm_memory_base_inst/gen_wr_a.gen_word_narrow.mem_reg_0_31_102_107/RAMA/I
  -------------------------------------------------------------------    -------------------

                         (clock clk_fpga_0 rise edge)
                                                      0.000     0.000 r  
    PS7_X0Y0             PS7                          0.000     0.000 r  design_1_i/processing_system7_0/inst/PS7_i/FCLKCLK[0]
                         net (fo=1, routed)           0.337     0.337    design_1_i/processing_system7_0/inst/FCLK_CLK_unbuffered[0]
    BUFGCTRL_X0Y16       BUFG (Prop_bufg_I_O)         0.029     0.366 r  design_1_i/processing_system7_0/inst/buffer_fclk_clk_0.FCLK_CLK_0_BUFG/O
                         net (fo=22920, routed)       0.811     1.177    design_1_i/axi_smc_2/inst/s00_nodes/s00_aw_node/inst/inst_mi_handler/gen_normal_area.inst_fifo_node_payld/gen_xpm_memory_fifo.inst_fifo/gen_mem_rep[0].inst_xpm_memory/xpm_memory_base_inst/gen_wr_a.gen_word_narrow.mem_reg_0_31_102_107/WCLK
    SLICE_X42Y77         RAMD32                                       r  design_1_i/axi_smc_2/inst/s00_nodes/s00_aw_node/inst/inst_mi_handler/gen_normal_area.inst_fifo_node_payld/gen_xpm_memory_fifo.inst_fifo/gen_mem_rep[0].inst_xpm_memory/xpm_memory_base_inst/gen_wr_a.gen_word_narrow.mem_reg_0_31_102_107/RAMA/CLK
                         clock pessimism             -0.282     0.895    
    SLICE_X42Y77         RAMD32 (Hold_ramd32_CLK_I)
                                                      0.147     1.042    design_1_i/axi_smc_2/inst/s00_nodes/s00_aw_node/inst/inst_mi_handler/gen_normal_area.inst_fifo_node_payld/gen_xpm_memory_fifo.inst_fifo/gen_mem_rep[0].inst_xpm_memory/xpm_memory_base_inst/gen_wr_a.gen_word_narrow.mem_reg_0_31_102_107/RAMA
  -------------------------------------------------------------------
                         required time                         -1.042    
                         arrival time                           1.093    
  -------------------------------------------------------------------
                         slack                                  0.051    

Slack (MET) :             0.052ns  (arrival time - required time)
  Source:                 design_1_i/mobilenet_0/inst/grp_compute_bounding_box_fu_6723/grp_my_exp_fix_fu_537/ap_return_reg[1]/C
                            (rising edge-triggered cell FDSE clocked by clk_fpga_0  {rise@0.000ns fall@6.000ns period=12.000ns})
  Destination:            design_1_i/mobilenet_0/inst/grp_compute_bounding_box_fu_6723/reg_595_reg[1]/D
                            (rising edge-triggered cell FDRE clocked by clk_fpga_0  {rise@0.000ns fall@6.000ns period=12.000ns})
  Path Group:             clk_fpga_0
  Path Type:              Hold (Min at Fast Process Corner)
  Requirement:            0.000ns  (clk_fpga_0 rise@0.000ns - clk_fpga_0 rise@0.000ns)
  Data Path Delay:        0.380ns  (logic 0.141ns (37.114%)  route 0.239ns (62.886%))
  Logic Levels:           0  
  Clock Path Skew:        0.258ns (DCD - SCD - CPR)
    Destination Clock Delay (DCD):    1.271ns
    Source Clock Delay      (SCD):    0.974ns
    Clock Pessimism Removal (CPR):    0.039ns

    Location             Delay type                Incr(ns)  Path(ns)    Netlist Resource(s)
  -------------------------------------------------------------------    -------------------
                         (clock clk_fpga_0 rise edge)
                                                      0.000     0.000 r  
    PS7_X0Y0             PS7                          0.000     0.000 r  design_1_i/processing_system7_0/inst/PS7_i/FCLKCLK[0]
                         net (fo=1, routed)           0.310     0.310    design_1_i/processing_system7_0/inst/FCLK_CLK_unbuffered[0]
    BUFGCTRL_X0Y16       BUFG (Prop_bufg_I_O)         0.026     0.336 r  design_1_i/processing_system7_0/inst/buffer_fclk_clk_0.FCLK_CLK_0_BUFG/O
                         net (fo=22920, routed)       0.638     0.974    design_1_i/mobilenet_0/inst/grp_compute_bounding_box_fu_6723/grp_my_exp_fix_fu_537/ap_clk
    SLICE_X47Y105        FDSE                                         r  design_1_i/mobilenet_0/inst/grp_compute_bounding_box_fu_6723/grp_my_exp_fix_fu_537/ap_return_reg[1]/C
  -------------------------------------------------------------------    -------------------
    SLICE_X47Y105        FDSE (Prop_fdse_C_Q)         0.141     1.115 r  design_1_i/mobilenet_0/inst/grp_compute_bounding_box_fu_6723/grp_my_exp_fix_fu_537/ap_return_reg[1]/Q
                         net (fo=3, routed)           0.239     1.354    design_1_i/mobilenet_0/inst/grp_compute_bounding_box_fu_6723/grp_my_exp_fix_fu_537_ap_return[1]
    SLICE_X51Y107        FDRE                                         r  design_1_i/mobilenet_0/inst/grp_compute_bounding_box_fu_6723/reg_595_reg[1]/D
  -------------------------------------------------------------------    -------------------

                         (clock clk_fpga_0 rise edge)
                                                      0.000     0.000 r  
    PS7_X0Y0             PS7                          0.000     0.000 r  design_1_i/processing_system7_0/inst/PS7_i/FCLKCLK[0]
                         net (fo=1, routed)           0.337     0.337    design_1_i/processing_system7_0/inst/FCLK_CLK_unbuffered[0]
    BUFGCTRL_X0Y16       BUFG (Prop_bufg_I_O)         0.029     0.366 r  design_1_i/processing_system7_0/inst/buffer_fclk_clk_0.FCLK_CLK_0_BUFG/O
                         net (fo=22920, routed)       0.905     1.271    design_1_i/mobilenet_0/inst/grp_compute_bounding_box_fu_6723/ap_clk
    SLICE_X51Y107        FDRE                                         r  design_1_i/mobilenet_0/inst/grp_compute_bounding_box_fu_6723/reg_595_reg[1]/C
                         clock pessimism             -0.039     1.232    
    SLICE_X51Y107        FDRE (Hold_fdre_C_D)         0.070     1.302    design_1_i/mobilenet_0/inst/grp_compute_bounding_box_fu_6723/reg_595_reg[1]
  -------------------------------------------------------------------
                         required time                         -1.302    
                         arrival time                           1.354    
  -------------------------------------------------------------------
                         slack                                  0.052    

Slack (MET) :             0.052ns  (arrival time - required time)
  Source:                 design_1_i/ps7_0_axi_periph/s00_couplers/auto_pc/inst/gen_axilite.gen_b2s_conv.axilite_b2s/RD.r_channel_0/r_arid_r_reg[8]/C
                            (rising edge-triggered cell FDRE clocked by clk_fpga_0  {rise@0.000ns fall@6.000ns period=12.000ns})
  Destination:            design_1_i/ps7_0_axi_periph/s00_couplers/auto_pc/inst/gen_axilite.gen_b2s_conv.axilite_b2s/RD.r_channel_0/transaction_fifo_0/memory_reg[31][9]_srl32/D
                            (rising edge-triggered cell SRLC32E clocked by clk_fpga_0  {rise@0.000ns fall@6.000ns period=12.000ns})
  Path Group:             clk_fpga_0
  Path Type:              Hold (Min at Fast Process Corner)
  Requirement:            0.000ns  (clk_fpga_0 rise@0.000ns - clk_fpga_0 rise@0.000ns)
  Data Path Delay:        0.251ns  (logic 0.141ns (56.174%)  route 0.110ns (43.826%))
  Logic Levels:           0  
  Clock Path Skew:        0.016ns (DCD - SCD - CPR)
    Destination Clock Delay (DCD):    1.210ns
    Source Clock Delay      (SCD):    0.912ns
    Clock Pessimism Removal (CPR):    0.282ns

    Location             Delay type                Incr(ns)  Path(ns)    Netlist Resource(s)
  -------------------------------------------------------------------    -------------------
                         (clock clk_fpga_0 rise edge)
                                                      0.000     0.000 r  
    PS7_X0Y0             PS7                          0.000     0.000 r  design_1_i/processing_system7_0/inst/PS7_i/FCLKCLK[0]
                         net (fo=1, routed)           0.310     0.310    design_1_i/processing_system7_0/inst/FCLK_CLK_unbuffered[0]
    BUFGCTRL_X0Y16       BUFG (Prop_bufg_I_O)         0.026     0.336 r  design_1_i/processing_system7_0/inst/buffer_fclk_clk_0.FCLK_CLK_0_BUFG/O
                         net (fo=22920, routed)       0.576     0.912    design_1_i/ps7_0_axi_periph/s00_couplers/auto_pc/inst/gen_axilite.gen_b2s_conv.axilite_b2s/RD.r_channel_0/aclk
    SLICE_X31Y94         FDRE                                         r  design_1_i/ps7_0_axi_periph/s00_couplers/auto_pc/inst/gen_axilite.gen_b2s_conv.axilite_b2s/RD.r_channel_0/r_arid_r_reg[8]/C
  -------------------------------------------------------------------    -------------------
    SLICE_X31Y94         FDRE (Prop_fdre_C_Q)         0.141     1.053 r  design_1_i/ps7_0_axi_periph/s00_couplers/auto_pc/inst/gen_axilite.gen_b2s_conv.axilite_b2s/RD.r_channel_0/r_arid_r_reg[8]/Q
                         net (fo=1, routed)           0.110     1.163    design_1_i/ps7_0_axi_periph/s00_couplers/auto_pc/inst/gen_axilite.gen_b2s_conv.axilite_b2s/RD.r_channel_0/transaction_fifo_0/in[9]
    SLICE_X30Y93         SRLC32E                                      r  design_1_i/ps7_0_axi_periph/s00_couplers/auto_pc/inst/gen_axilite.gen_b2s_conv.axilite_b2s/RD.r_channel_0/transaction_fifo_0/memory_reg[31][9]_srl32/D
  -------------------------------------------------------------------    -------------------

                         (clock clk_fpga_0 rise edge)
                                                      0.000     0.000 r  
    PS7_X0Y0             PS7                          0.000     0.000 r  design_1_i/processing_system7_0/inst/PS7_i/FCLKCLK[0]
                         net (fo=1, routed)           0.337     0.337    design_1_i/processing_system7_0/inst/FCLK_CLK_unbuffered[0]
    BUFGCTRL_X0Y16       BUFG (Prop_bufg_I_O)         0.029     0.366 r  design_1_i/processing_system7_0/inst/buffer_fclk_clk_0.FCLK_CLK_0_BUFG/O
                         net (fo=22920, routed)       0.844     1.210    design_1_i/ps7_0_axi_periph/s00_couplers/auto_pc/inst/gen_axilite.gen_b2s_conv.axilite_b2s/RD.r_channel_0/transaction_fifo_0/aclk
    SLICE_X30Y93         SRLC32E                                      r  design_1_i/ps7_0_axi_periph/s00_couplers/auto_pc/inst/gen_axilite.gen_b2s_conv.axilite_b2s/RD.r_channel_0/transaction_fifo_0/memory_reg[31][9]_srl32/CLK
                         clock pessimism             -0.282     0.928    
    SLICE_X30Y93         SRLC32E (Hold_srlc32e_CLK_D)
                                                      0.183     1.111    design_1_i/ps7_0_axi_periph/s00_couplers/auto_pc/inst/gen_axilite.gen_b2s_conv.axilite_b2s/RD.r_channel_0/transaction_fifo_0/memory_reg[31][9]_srl32
  -------------------------------------------------------------------
                         required time                         -1.111    
                         arrival time                           1.163    
  -------------------------------------------------------------------
                         slack                                  0.052    

Slack (MET) :             0.053ns  (arrival time - required time)
  Source:                 design_1_i/mobilenet_0/inst/mobilenet_INPUT_r_m_axi_U/bus_write/rs_wreq/data_p1_reg[22]/C
                            (rising edge-triggered cell FDRE clocked by clk_fpga_0  {rise@0.000ns fall@6.000ns period=12.000ns})
  Destination:            design_1_i/mobilenet_0/inst/mobilenet_INPUT_r_m_axi_U/bus_write/fifo_wreq/mem_reg[4][22]_srl5/D
                            (rising edge-triggered cell SRL16E clocked by clk_fpga_0  {rise@0.000ns fall@6.000ns period=12.000ns})
  Path Group:             clk_fpga_0
  Path Type:              Hold (Min at Fast Process Corner)
  Requirement:            0.000ns  (clk_fpga_0 rise@0.000ns - clk_fpga_0 rise@0.000ns)
  Data Path Delay:        0.422ns  (logic 0.141ns (33.446%)  route 0.281ns (66.554%))
  Logic Levels:           0  
  Clock Path Skew:        0.259ns (DCD - SCD - CPR)
    Destination Clock Delay (DCD):    1.179ns
    Source Clock Delay      (SCD):    0.885ns
    Clock Pessimism Removal (CPR):    0.035ns

    Location             Delay type                Incr(ns)  Path(ns)    Netlist Resource(s)
  -------------------------------------------------------------------    -------------------
                         (clock clk_fpga_0 rise edge)
                                                      0.000     0.000 r  
    PS7_X0Y0             PS7                          0.000     0.000 r  design_1_i/processing_system7_0/inst/PS7_i/FCLKCLK[0]
                         net (fo=1, routed)           0.310     0.310    design_1_i/processing_system7_0/inst/FCLK_CLK_unbuffered[0]
    BUFGCTRL_X0Y16       BUFG (Prop_bufg_I_O)         0.026     0.336 r  design_1_i/processing_system7_0/inst/buffer_fclk_clk_0.FCLK_CLK_0_BUFG/O
                         net (fo=22920, routed)       0.549     0.885    design_1_i/mobilenet_0/inst/mobilenet_INPUT_r_m_axi_U/bus_write/rs_wreq/ap_clk
    SLICE_X45Y68         FDRE                                         r  design_1_i/mobilenet_0/inst/mobilenet_INPUT_r_m_axi_U/bus_write/rs_wreq/data_p1_reg[22]/C
  -------------------------------------------------------------------    -------------------
    SLICE_X45Y68         FDRE (Prop_fdre_C_Q)         0.141     1.026 r  design_1_i/mobilenet_0/inst/mobilenet_INPUT_r_m_axi_U/bus_write/rs_wreq/data_p1_reg[22]/Q
                         net (fo=1, routed)           0.281     1.306    design_1_i/mobilenet_0/inst/mobilenet_INPUT_r_m_axi_U/bus_write/fifo_wreq/data_p1_reg[30][22]
    SLICE_X50Y66         SRL16E                                       r  design_1_i/mobilenet_0/inst/mobilenet_INPUT_r_m_axi_U/bus_write/fifo_wreq/mem_reg[4][22]_srl5/D
  -------------------------------------------------------------------    -------------------

                         (clock clk_fpga_0 rise edge)
                                                      0.000     0.000 r  
    PS7_X0Y0             PS7                          0.000     0.000 r  design_1_i/processing_system7_0/inst/PS7_i/FCLKCLK[0]
                         net (fo=1, routed)           0.337     0.337    design_1_i/processing_system7_0/inst/FCLK_CLK_unbuffered[0]
    BUFGCTRL_X0Y16       BUFG (Prop_bufg_I_O)         0.029     0.366 r  design_1_i/processing_system7_0/inst/buffer_fclk_clk_0.FCLK_CLK_0_BUFG/O
                         net (fo=22920, routed)       0.813     1.179    design_1_i/mobilenet_0/inst/mobilenet_INPUT_r_m_axi_U/bus_write/fifo_wreq/ap_clk
    SLICE_X50Y66         SRL16E                                       r  design_1_i/mobilenet_0/inst/mobilenet_INPUT_r_m_axi_U/bus_write/fifo_wreq/mem_reg[4][22]_srl5/CLK
                         clock pessimism             -0.035     1.144    
    SLICE_X50Y66         SRL16E (Hold_srl16e_CLK_D)
                                                      0.109     1.253    design_1_i/mobilenet_0/inst/mobilenet_INPUT_r_m_axi_U/bus_write/fifo_wreq/mem_reg[4][22]_srl5
  -------------------------------------------------------------------
                         required time                         -1.253    
                         arrival time                           1.306    
  -------------------------------------------------------------------
                         slack                                  0.053    

Slack (MET) :             0.054ns  (arrival time - required time)
  Source:                 design_1_i/mobilenet_0/inst/grp_CONV_3x3_group_fu_2916/dataflow_parent_loop_1_U0/dataflow_in_loop_U0/Loop_0_proc_U0/tmp_444_reg_4958_reg[0]/C
                            (rising edge-triggered cell FDRE clocked by clk_fpga_0  {rise@0.000ns fall@6.000ns period=12.000ns})
  Destination:            design_1_i/mobilenet_0/inst/FM_buf11_V_9_U/mobilenet_FM_buf37jG_ram_U/ram_reg/DIBDI[1]
                            (rising edge-triggered cell RAMB18E1 clocked by clk_fpga_0  {rise@0.000ns fall@6.000ns period=12.000ns})
  Path Group:             clk_fpga_0
  Path Type:              Hold (Min at Fast Process Corner)
  Requirement:            0.000ns  (clk_fpga_0 rise@0.000ns - clk_fpga_0 rise@0.000ns)
  Data Path Delay:        0.601ns  (logic 0.186ns (30.951%)  route 0.415ns (69.049%))
  Logic Levels:           1  (LUT5=1)
  Clock Path Skew:        0.392ns (DCD - SCD - CPR)
    Destination Clock Delay (DCD):    1.339ns
    Source Clock Delay      (SCD):    0.913ns
    Clock Pessimism Removal (CPR):    0.035ns

    Location             Delay type                Incr(ns)  Path(ns)    Netlist Resource(s)
  -------------------------------------------------------------------    -------------------
                         (clock clk_fpga_0 rise edge)
                                                      0.000     0.000 r  
    PS7_X0Y0             PS7                          0.000     0.000 r  design_1_i/processing_system7_0/inst/PS7_i/FCLKCLK[0]
                         net (fo=1, routed)           0.310     0.310    design_1_i/processing_system7_0/inst/FCLK_CLK_unbuffered[0]
    BUFGCTRL_X0Y16       BUFG (Prop_bufg_I_O)         0.026     0.336 r  design_1_i/processing_system7_0/inst/buffer_fclk_clk_0.FCLK_CLK_0_BUFG/O
                         net (fo=22920, routed)       0.577     0.913    design_1_i/mobilenet_0/inst/grp_CONV_3x3_group_fu_2916/dataflow_parent_loop_1_U0/dataflow_in_loop_U0/Loop_0_proc_U0/ap_clk
    SLICE_X55Y97         FDRE                                         r  design_1_i/mobilenet_0/inst/grp_CONV_3x3_group_fu_2916/dataflow_parent_loop_1_U0/dataflow_in_loop_U0/Loop_0_proc_U0/tmp_444_reg_4958_reg[0]/C
  -------------------------------------------------------------------    -------------------
    SLICE_X55Y97         FDRE (Prop_fdre_C_Q)         0.141     1.054 r  design_1_i/mobilenet_0/inst/grp_CONV_3x3_group_fu_2916/dataflow_parent_loop_1_U0/dataflow_in_loop_U0/Loop_0_proc_U0/tmp_444_reg_4958_reg[0]/Q
                         net (fo=192, routed)         0.247     1.301    design_1_i/mobilenet_0/inst/grp_CONV_3x3_group_fu_2916/dataflow_parent_loop_1_U0/dataflow_in_loop_U0/Loop_0_proc_U0/tmp_444_reg_4958
    SLICE_X54Y105        LUT5 (Prop_lut5_I2_O)        0.045     1.346 r  design_1_i/mobilenet_0/inst/grp_CONV_3x3_group_fu_2916/dataflow_parent_loop_1_U0/dataflow_in_loop_U0/Loop_0_proc_U0/ram_reg_i_16__68/O
                         net (fo=1, routed)           0.168     1.514    design_1_i/mobilenet_0/inst/FM_buf11_V_9_U/mobilenet_FM_buf37jG_ram_U/DIBDI[1]
    RAMB18_X3Y42         RAMB18E1                                     r  design_1_i/mobilenet_0/inst/FM_buf11_V_9_U/mobilenet_FM_buf37jG_ram_U/ram_reg/DIBDI[1]
  -------------------------------------------------------------------    -------------------

                         (clock clk_fpga_0 rise edge)
                                                      0.000     0.000 r  
    PS7_X0Y0             PS7                          0.000     0.000 r  design_1_i/processing_system7_0/inst/PS7_i/FCLKCLK[0]
                         net (fo=1, routed)           0.337     0.337    design_1_i/processing_system7_0/inst/FCLK_CLK_unbuffered[0]
    BUFGCTRL_X0Y16       BUFG (Prop_bufg_I_O)         0.029     0.366 r  design_1_i/processing_system7_0/inst/buffer_fclk_clk_0.FCLK_CLK_0_BUFG/O
                         net (fo=22920, routed)       0.973     1.339    design_1_i/mobilenet_0/inst/FM_buf11_V_9_U/mobilenet_FM_buf37jG_ram_U/ap_clk
    RAMB18_X3Y42         RAMB18E1                                     r  design_1_i/mobilenet_0/inst/FM_buf11_V_9_U/mobilenet_FM_buf37jG_ram_U/ram_reg/CLKBWRCLK
                         clock pessimism             -0.035     1.304    
    RAMB18_X3Y42         RAMB18E1 (Hold_ramb18e1_CLKBWRCLK_DIBDI[1])
                                                      0.155     1.459    design_1_i/mobilenet_0/inst/FM_buf11_V_9_U/mobilenet_FM_buf37jG_ram_U/ram_reg
  -------------------------------------------------------------------
                         required time                         -1.459    
                         arrival time                           1.514    
  -------------------------------------------------------------------
                         slack                                  0.054    

Slack (MET) :             0.054ns  (arrival time - required time)
  Source:                 design_1_i/mobilenet_0/inst/conv_weight_1x1_all_s_reg_7914_reg[26]/C
                            (rising edge-triggered cell FDRE clocked by clk_fpga_0  {rise@0.000ns fall@6.000ns period=12.000ns})
  Destination:            design_1_i/mobilenet_0/inst/grp_load_weight_2D_from_s_fu_7189/sext_reg_395_reg[26]/D
                            (rising edge-triggered cell FDRE clocked by clk_fpga_0  {rise@0.000ns fall@6.000ns period=12.000ns})
  Path Group:             clk_fpga_0
  Path Type:              Hold (Min at Fast Process Corner)
  Requirement:            0.000ns  (clk_fpga_0 rise@0.000ns - clk_fpga_0 rise@0.000ns)
  Data Path Delay:        0.404ns  (logic 0.141ns (34.942%)  route 0.263ns (65.058%))
  Logic Levels:           0  
  Clock Path Skew:        0.274ns (DCD - SCD - CPR)
    Destination Clock Delay (DCD):    1.196ns
    Source Clock Delay      (SCD):    0.892ns
    Clock Pessimism Removal (CPR):    0.030ns

    Location             Delay type                Incr(ns)  Path(ns)    Netlist Resource(s)
  -------------------------------------------------------------------    -------------------
                         (clock clk_fpga_0 rise edge)
                                                      0.000     0.000 r  
    PS7_X0Y0             PS7                          0.000     0.000 r  design_1_i/processing_system7_0/inst/PS7_i/FCLKCLK[0]
                         net (fo=1, routed)           0.310     0.310    design_1_i/processing_system7_0/inst/FCLK_CLK_unbuffered[0]
    BUFGCTRL_X0Y16       BUFG (Prop_bufg_I_O)         0.026     0.336 r  design_1_i/processing_system7_0/inst/buffer_fclk_clk_0.FCLK_CLK_0_BUFG/O
                         net (fo=22920, routed)       0.556     0.892    design_1_i/mobilenet_0/inst/ap_clk
    SLICE_X37Y53         FDRE                                         r  design_1_i/mobilenet_0/inst/conv_weight_1x1_all_s_reg_7914_reg[26]/C
  -------------------------------------------------------------------    -------------------
    SLICE_X37Y53         FDRE (Prop_fdre_C_Q)         0.141     1.033 r  design_1_i/mobilenet_0/inst/conv_weight_1x1_all_s_reg_7914_reg[26]/Q
                         net (fo=1, routed)           0.263     1.295    design_1_i/mobilenet_0/inst/grp_load_weight_2D_from_s_fu_7189/conv_weight_1x1_all_s_reg_7914_reg[30][26]
    SLICE_X39Y47         FDRE                                         r  design_1_i/mobilenet_0/inst/grp_load_weight_2D_from_s_fu_7189/sext_reg_395_reg[26]/D
  -------------------------------------------------------------------    -------------------

                         (clock clk_fpga_0 rise edge)
                                                      0.000     0.000 r  
    PS7_X0Y0             PS7                          0.000     0.000 r  design_1_i/processing_system7_0/inst/PS7_i/FCLKCLK[0]
                         net (fo=1, routed)           0.337     0.337    design_1_i/processing_system7_0/inst/FCLK_CLK_unbuffered[0]
    BUFGCTRL_X0Y16       BUFG (Prop_bufg_I_O)         0.029     0.366 r  design_1_i/processing_system7_0/inst/buffer_fclk_clk_0.FCLK_CLK_0_BUFG/O
                         net (fo=22920, routed)       0.830     1.196    design_1_i/mobilenet_0/inst/grp_load_weight_2D_from_s_fu_7189/ap_clk
    SLICE_X39Y47         FDRE                                         r  design_1_i/mobilenet_0/inst/grp_load_weight_2D_from_s_fu_7189/sext_reg_395_reg[26]/C
                         clock pessimism             -0.030     1.166    
    SLICE_X39Y47         FDRE (Hold_fdre_C_D)         0.075     1.241    design_1_i/mobilenet_0/inst/grp_load_weight_2D_from_s_fu_7189/sext_reg_395_reg[26]
  -------------------------------------------------------------------
                         required time                         -1.241    
                         arrival time                           1.295    
  -------------------------------------------------------------------
                         slack                                  0.054    

Slack (MET) :             0.057ns  (arrival time - required time)
  Source:                 design_1_i/mobilenet_0/inst/mobilenet_OUTPUT_r_m_axi_U/bus_write/end_addr_buf_reg[5]/C
                            (rising edge-triggered cell FDRE clocked by clk_fpga_0  {rise@0.000ns fall@6.000ns period=12.000ns})
  Destination:            design_1_i/mobilenet_0/inst/mobilenet_OUTPUT_r_m_axi_U/bus_write/sect_len_buf_reg[3]/D
                            (rising edge-triggered cell FDRE clocked by clk_fpga_0  {rise@0.000ns fall@6.000ns period=12.000ns})
  Path Group:             clk_fpga_0
  Path Type:              Hold (Min at Fast Process Corner)
  Requirement:            0.000ns  (clk_fpga_0 rise@0.000ns - clk_fpga_0 rise@0.000ns)
  Data Path Delay:        0.407ns  (logic 0.186ns (45.689%)  route 0.221ns (54.311%))
  Logic Levels:           1  (LUT5=1)
  Clock Path Skew:        0.258ns (DCD - SCD - CPR)
    Destination Clock Delay (DCD):    1.175ns
    Source Clock Delay      (SCD):    0.882ns
    Clock Pessimism Removal (CPR):    0.035ns

    Location             Delay type                Incr(ns)  Path(ns)    Netlist Resource(s)
  -------------------------------------------------------------------    -------------------
                         (clock clk_fpga_0 rise edge)
                                                      0.000     0.000 r  
    PS7_X0Y0             PS7                          0.000     0.000 r  design_1_i/processing_system7_0/inst/PS7_i/FCLKCLK[0]
                         net (fo=1, routed)           0.310     0.310    design_1_i/processing_system7_0/inst/FCLK_CLK_unbuffered[0]
    BUFGCTRL_X0Y16       BUFG (Prop_bufg_I_O)         0.026     0.336 r  design_1_i/processing_system7_0/inst/buffer_fclk_clk_0.FCLK_CLK_0_BUFG/O
                         net (fo=22920, routed)       0.546     0.882    design_1_i/mobilenet_0/inst/mobilenet_OUTPUT_r_m_axi_U/bus_write/ap_clk
    SLICE_X47Y78         FDRE                                         r  design_1_i/mobilenet_0/inst/mobilenet_OUTPUT_r_m_axi_U/bus_write/end_addr_buf_reg[5]/C
  -------------------------------------------------------------------    -------------------
    SLICE_X47Y78         FDRE (Prop_fdre_C_Q)         0.141     1.023 r  design_1_i/mobilenet_0/inst/mobilenet_OUTPUT_r_m_axi_U/bus_write/end_addr_buf_reg[5]/Q
                         net (fo=1, routed)           0.221     1.244    design_1_i/mobilenet_0/inst/mobilenet_OUTPUT_r_m_axi_U/bus_write/end_addr_buf_reg_n_17_[5]
    SLICE_X51Y79         LUT5 (Prop_lut5_I0_O)        0.045     1.289 r  design_1_i/mobilenet_0/inst/mobilenet_OUTPUT_r_m_axi_U/bus_write/sect_len_buf[3]_i_1/O
                         net (fo=1, routed)           0.000     1.289    design_1_i/mobilenet_0/inst/mobilenet_OUTPUT_r_m_axi_U/bus_write/sect_len_buf[3]_i_1_n_17
    SLICE_X51Y79         FDRE                                         r  design_1_i/mobilenet_0/inst/mobilenet_OUTPUT_r_m_axi_U/bus_write/sect_len_buf_reg[3]/D
  -------------------------------------------------------------------    -------------------

                         (clock clk_fpga_0 rise edge)
                                                      0.000     0.000 r  
    PS7_X0Y0             PS7                          0.000     0.000 r  design_1_i/processing_system7_0/inst/PS7_i/FCLKCLK[0]
                         net (fo=1, routed)           0.337     0.337    design_1_i/processing_system7_0/inst/FCLK_CLK_unbuffered[0]
    BUFGCTRL_X0Y16       BUFG (Prop_bufg_I_O)         0.029     0.366 r  design_1_i/processing_system7_0/inst/buffer_fclk_clk_0.FCLK_CLK_0_BUFG/O
                         net (fo=22920, routed)       0.809     1.175    design_1_i/mobilenet_0/inst/mobilenet_OUTPUT_r_m_axi_U/bus_write/ap_clk
    SLICE_X51Y79         FDRE                                         r  design_1_i/mobilenet_0/inst/mobilenet_OUTPUT_r_m_axi_U/bus_write/sect_len_buf_reg[3]/C
                         clock pessimism             -0.035     1.140    
    SLICE_X51Y79         FDRE (Hold_fdre_C_D)         0.092     1.232    design_1_i/mobilenet_0/inst/mobilenet_OUTPUT_r_m_axi_U/bus_write/sect_len_buf_reg[3]
  -------------------------------------------------------------------
                         required time                         -1.232    
                         arrival time                           1.289    
  -------------------------------------------------------------------
                         slack                                  0.057    

Slack (MET) :             0.058ns  (arrival time - required time)
  Source:                 design_1_i/mobilenet_0/inst/mobilenet_INPUT_r_m_axi_U/bus_write/start_addr_buf_reg[4]/C
                            (rising edge-triggered cell FDRE clocked by clk_fpga_0  {rise@0.000ns fall@6.000ns period=12.000ns})
  Destination:            design_1_i/mobilenet_0/inst/mobilenet_INPUT_r_m_axi_U/bus_write/sect_addr_buf_reg[4]/D
                            (rising edge-triggered cell FDRE clocked by clk_fpga_0  {rise@0.000ns fall@6.000ns period=12.000ns})
  Path Group:             clk_fpga_0
  Path Type:              Hold (Min at Fast Process Corner)
  Requirement:            0.000ns  (clk_fpga_0 rise@0.000ns - clk_fpga_0 rise@0.000ns)
  Data Path Delay:        0.433ns  (logic 0.229ns (52.922%)  route 0.204ns (47.078%))
  Logic Levels:           1  (LUT2=1)
  Clock Path Skew:        0.267ns (DCD - SCD - CPR)
    Destination Clock Delay (DCD):    1.190ns
    Source Clock Delay      (SCD):    0.888ns
    Clock Pessimism Removal (CPR):    0.035ns

    Location             Delay type                Incr(ns)  Path(ns)    Netlist Resource(s)
  -------------------------------------------------------------------    -------------------
                         (clock clk_fpga_0 rise edge)
                                                      0.000     0.000 r  
    PS7_X0Y0             PS7                          0.000     0.000 r  design_1_i/processing_system7_0/inst/PS7_i/FCLKCLK[0]
                         net (fo=1, routed)           0.310     0.310    design_1_i/processing_system7_0/inst/FCLK_CLK_unbuffered[0]
    BUFGCTRL_X0Y16       BUFG (Prop_bufg_I_O)         0.026     0.336 r  design_1_i/processing_system7_0/inst/buffer_fclk_clk_0.FCLK_CLK_0_BUFG/O
                         net (fo=22920, routed)       0.552     0.888    design_1_i/mobilenet_0/inst/mobilenet_INPUT_r_m_axi_U/bus_write/ap_clk
    SLICE_X52Y56         FDRE                                         r  design_1_i/mobilenet_0/inst/mobilenet_INPUT_r_m_axi_U/bus_write/start_addr_buf_reg[4]/C
  -------------------------------------------------------------------    -------------------
    SLICE_X52Y56         FDRE (Prop_fdre_C_Q)         0.128     1.016 r  design_1_i/mobilenet_0/inst/mobilenet_INPUT_r_m_axi_U/bus_write/start_addr_buf_reg[4]/Q
                         net (fo=2, routed)           0.204     1.219    design_1_i/mobilenet_0/inst/mobilenet_INPUT_r_m_axi_U/bus_write/start_addr_buf_reg_n_17_[4]
    SLICE_X49Y56         LUT2 (Prop_lut2_I1_O)        0.101     1.320 r  design_1_i/mobilenet_0/inst/mobilenet_INPUT_r_m_axi_U/bus_write/sect_addr_buf[4]_i_1/O
                         net (fo=1, routed)           0.000     1.320    design_1_i/mobilenet_0/inst/mobilenet_INPUT_r_m_axi_U/bus_write/sect_addr[4]
    SLICE_X49Y56         FDRE                                         r  design_1_i/mobilenet_0/inst/mobilenet_INPUT_r_m_axi_U/bus_write/sect_addr_buf_reg[4]/D
  -------------------------------------------------------------------    -------------------

                         (clock clk_fpga_0 rise edge)
                                                      0.000     0.000 r  
    PS7_X0Y0             PS7                          0.000     0.000 r  design_1_i/processing_system7_0/inst/PS7_i/FCLKCLK[0]
                         net (fo=1, routed)           0.337     0.337    design_1_i/processing_system7_0/inst/FCLK_CLK_unbuffered[0]
    BUFGCTRL_X0Y16       BUFG (Prop_bufg_I_O)         0.029     0.366 r  design_1_i/processing_system7_0/inst/buffer_fclk_clk_0.FCLK_CLK_0_BUFG/O
                         net (fo=22920, routed)       0.824     1.190    design_1_i/mobilenet_0/inst/mobilenet_INPUT_r_m_axi_U/bus_write/ap_clk
    SLICE_X49Y56         FDRE                                         r  design_1_i/mobilenet_0/inst/mobilenet_INPUT_r_m_axi_U/bus_write/sect_addr_buf_reg[4]/C
                         clock pessimism             -0.035     1.155    
    SLICE_X49Y56         FDRE (Hold_fdre_C_D)         0.107     1.262    design_1_i/mobilenet_0/inst/mobilenet_INPUT_r_m_axi_U/bus_write/sect_addr_buf_reg[4]
  -------------------------------------------------------------------
                         required time                         -1.262    
                         arrival time                           1.320    
  -------------------------------------------------------------------
                         slack                                  0.058    

Slack (MET) :             0.059ns  (arrival time - required time)
  Source:                 design_1_i/mobilenet_0/inst/mobilenet_OUTPUT_r_m_axi_U/bus_write/end_addr_buf_reg[4]/C
                            (rising edge-triggered cell FDRE clocked by clk_fpga_0  {rise@0.000ns fall@6.000ns period=12.000ns})
  Destination:            design_1_i/mobilenet_0/inst/mobilenet_OUTPUT_r_m_axi_U/bus_write/sect_len_buf_reg[2]/D
                            (rising edge-triggered cell FDRE clocked by clk_fpga_0  {rise@0.000ns fall@6.000ns period=12.000ns})
  Path Group:             clk_fpga_0
  Path Type:              Hold (Min at Fast Process Corner)
  Requirement:            0.000ns  (clk_fpga_0 rise@0.000ns - clk_fpga_0 rise@0.000ns)
  Data Path Delay:        0.409ns  (logic 0.186ns (45.498%)  route 0.223ns (54.502%))
  Logic Levels:           1  (LUT5=1)
  Clock Path Skew:        0.259ns (DCD - SCD - CPR)
    Destination Clock Delay (DCD):    1.176ns
    Source Clock Delay      (SCD):    0.882ns
    Clock Pessimism Removal (CPR):    0.035ns

    Location             Delay type                Incr(ns)  Path(ns)    Netlist Resource(s)
  -------------------------------------------------------------------    -------------------
                         (clock clk_fpga_0 rise edge)
                                                      0.000     0.000 r  
    PS7_X0Y0             PS7                          0.000     0.000 r  design_1_i/processing_system7_0/inst/PS7_i/FCLKCLK[0]
                         net (fo=1, routed)           0.310     0.310    design_1_i/processing_system7_0/inst/FCLK_CLK_unbuffered[0]
    BUFGCTRL_X0Y16       BUFG (Prop_bufg_I_O)         0.026     0.336 r  design_1_i/processing_system7_0/inst/buffer_fclk_clk_0.FCLK_CLK_0_BUFG/O
                         net (fo=22920, routed)       0.546     0.882    design_1_i/mobilenet_0/inst/mobilenet_OUTPUT_r_m_axi_U/bus_write/ap_clk
    SLICE_X47Y78         FDRE                                         r  design_1_i/mobilenet_0/inst/mobilenet_OUTPUT_r_m_axi_U/bus_write/end_addr_buf_reg[4]/C
  -------------------------------------------------------------------    -------------------
    SLICE_X47Y78         FDRE (Prop_fdre_C_Q)         0.141     1.023 r  design_1_i/mobilenet_0/inst/mobilenet_OUTPUT_r_m_axi_U/bus_write/end_addr_buf_reg[4]/Q
                         net (fo=1, routed)           0.223     1.245    design_1_i/mobilenet_0/inst/mobilenet_OUTPUT_r_m_axi_U/bus_write/end_addr_buf_reg_n_17_[4]
    SLICE_X51Y80         LUT5 (Prop_lut5_I1_O)        0.045     1.290 r  design_1_i/mobilenet_0/inst/mobilenet_OUTPUT_r_m_axi_U/bus_write/sect_len_buf[2]_i_1/O
                         net (fo=1, routed)           0.000     1.290    design_1_i/mobilenet_0/inst/mobilenet_OUTPUT_r_m_axi_U/bus_write/sect_len_buf[2]_i_1_n_17
    SLICE_X51Y80         FDRE                                         r  design_1_i/mobilenet_0/inst/mobilenet_OUTPUT_r_m_axi_U/bus_write/sect_len_buf_reg[2]/D
  -------------------------------------------------------------------    -------------------

                         (clock clk_fpga_0 rise edge)
                                                      0.000     0.000 r  
    PS7_X0Y0             PS7                          0.000     0.000 r  design_1_i/processing_system7_0/inst/PS7_i/FCLKCLK[0]
                         net (fo=1, routed)           0.337     0.337    design_1_i/processing_system7_0/inst/FCLK_CLK_unbuffered[0]
    BUFGCTRL_X0Y16       BUFG (Prop_bufg_I_O)         0.029     0.366 r  design_1_i/processing_system7_0/inst/buffer_fclk_clk_0.FCLK_CLK_0_BUFG/O
                         net (fo=22920, routed)       0.810     1.176    design_1_i/mobilenet_0/inst/mobilenet_OUTPUT_r_m_axi_U/bus_write/ap_clk
    SLICE_X51Y80         FDRE                                         r  design_1_i/mobilenet_0/inst/mobilenet_OUTPUT_r_m_axi_U/bus_write/sect_len_buf_reg[2]/C
                         clock pessimism             -0.035     1.141    
    SLICE_X51Y80         FDRE (Hold_fdre_C_D)         0.091     1.232    design_1_i/mobilenet_0/inst/mobilenet_OUTPUT_r_m_axi_U/bus_write/sect_len_buf_reg[2]
  -------------------------------------------------------------------
                         required time                         -1.232    
                         arrival time                           1.290    
  -------------------------------------------------------------------
                         slack                                  0.059    





Pulse Width Checks
--------------------------------------------------------------------------------------
Clock Name:         clk_fpga_0
Waveform(ns):       { 0.000 6.000 }
Period(ns):         12.000
Sources:            { design_1_i/processing_system7_0/inst/PS7_i/FCLKCLK[0] }

Check Type        Corner  Lib Pin      Reference Pin  Required(ns)  Actual(ns)  Slack(ns)  Location      Pin
Min Period        n/a     DSP48E1/CLK  n/a            5.244         12.000      6.756      DSP48_X2Y10   design_1_i/mobilenet_0/inst/grp_buffer_copy_from_axi_fu_7137/tmp_214_reg_685_reg/CLK
Min Period        n/a     DSP48E1/CLK  n/a            5.244         12.000      6.756      DSP48_X2Y51   design_1_i/mobilenet_0/inst/grp_copy_to_DDR_pool9_fu_6857/tmp_107_reg_857_reg/CLK
Min Period        n/a     DSP48E1/CLK  n/a            3.884         12.000      8.116      DSP48_X3Y25   design_1_i/mobilenet_0/inst/grp_CONV_1x1_fu_4498/grp_compute_engine_16_fu_523/p_Val2_17_reg_857_reg/CLK
Min Period        n/a     DSP48E1/CLK  n/a            3.884         12.000      8.116      DSP48_X2Y24   design_1_i/mobilenet_0/inst/grp_CONV_1x1_fu_4498/grp_compute_engine_16_fu_523/p_Val2_27_reg_882_reg/CLK
Min Period        n/a     DSP48E1/CLK  n/a            3.884         12.000      8.116      DSP48_X2Y4    design_1_i/mobilenet_0/inst/grp_CONV_3x3_group_fu_2916/dataflow_parent_loop_1_U0/dataflow_in_loop_U0/Loop_0_proc_U0/p_Val2_155_i_12_i_reg_4684_reg/CLK
Min Period        n/a     DSP48E1/CLK  n/a            3.884         12.000      8.116      DSP48_X3Y8    design_1_i/mobilenet_0/inst/grp_CONV_3x3_group_fu_2916/dataflow_parent_loop_1_U0/dataflow_in_loop_U0/Loop_0_proc_U0/p_Val2_155_i_4_i_reg_4612_reg/CLK
Min Period        n/a     DSP48E1/CLK  n/a            3.884         12.000      8.116      DSP48_X2Y6    design_1_i/mobilenet_0/inst/grp_CONV_3x3_group_fu_2916/dataflow_parent_loop_1_U0/dataflow_in_loop_U0/Loop_0_proc_U0/p_Val2_155_i_i_272_reg_4660_reg/CLK
Min Period        n/a     DSP48E1/CLK  n/a            3.884         12.000      8.116      DSP48_X3Y42   design_1_i/mobilenet_0/inst/grp_CONV_1x1_fu_4498/grp_compute_engine_16_fu_523/p_Val2_s_reg_812_reg/CLK
Min Period        n/a     DSP48E1/CLK  n/a            3.884         12.000      8.116      DSP48_X3Y24   design_1_i/mobilenet_0/inst/grp_CONV_1x1_fu_4498/grp_compute_engine_16_fu_523/p_Val2_19_reg_862_reg/CLK
Min Period        n/a     DSP48E1/CLK  n/a            3.884         12.000      8.116      DSP48_X2Y18   design_1_i/mobilenet_0/inst/grp_CONV_1x1_fu_4498/grp_compute_engine_16_fu_523/p_Val2_29_reg_887_reg/CLK
Low Pulse Width   Fast    RAMD32/CLK   n/a            1.250         6.000       4.750      SLICE_X30Y71  design_1_i/axi_smc_2/inst/s00_nodes/s00_ar_node/inst/inst_mi_handler/gen_normal_area.inst_fifo_node_payld/gen_xpm_memory_fifo.inst_fifo/gen_mem_rep[0].inst_xpm_memory/xpm_memory_base_inst/gen_wr_a.gen_word_narrow.mem_reg_0_31_108_113/RAMA/CLK
Low Pulse Width   Fast    RAMD32/CLK   n/a            1.250         6.000       4.750      SLICE_X30Y71  design_1_i/axi_smc_2/inst/s00_nodes/s00_ar_node/inst/inst_mi_handler/gen_normal_area.inst_fifo_node_payld/gen_xpm_memory_fifo.inst_fifo/gen_mem_rep[0].inst_xpm_memory/xpm_memory_base_inst/gen_wr_a.gen_word_narrow.mem_reg_0_31_108_113/RAMA_D1/CLK
Low Pulse Width   Fast    RAMD32/CLK   n/a            1.250         6.000       4.750      SLICE_X30Y71  design_1_i/axi_smc_2/inst/s00_nodes/s00_ar_node/inst/inst_mi_handler/gen_normal_area.inst_fifo_node_payld/gen_xpm_memory_fifo.inst_fifo/gen_mem_rep[0].inst_xpm_memory/xpm_memory_base_inst/gen_wr_a.gen_word_narrow.mem_reg_0_31_108_113/RAMB/CLK
Low Pulse Width   Fast    RAMD32/CLK   n/a            1.250         6.000       4.750      SLICE_X30Y71  design_1_i/axi_smc_2/inst/s00_nodes/s00_ar_node/inst/inst_mi_handler/gen_normal_area.inst_fifo_node_payld/gen_xpm_memory_fifo.inst_fifo/gen_mem_rep[0].inst_xpm_memory/xpm_memory_base_inst/gen_wr_a.gen_word_narrow.mem_reg_0_31_108_113/RAMB_D1/CLK
Low Pulse Width   Fast    RAMD32/CLK   n/a            1.250         6.000       4.750      SLICE_X30Y71  design_1_i/axi_smc_2/inst/s00_nodes/s00_ar_node/inst/inst_mi_handler/gen_normal_area.inst_fifo_node_payld/gen_xpm_memory_fifo.inst_fifo/gen_mem_rep[0].inst_xpm_memory/xpm_memory_base_inst/gen_wr_a.gen_word_narrow.mem_reg_0_31_108_113/RAMC/CLK
Low Pulse Width   Fast    RAMD32/CLK   n/a            1.250         6.000       4.750      SLICE_X30Y71  design_1_i/axi_smc_2/inst/s00_nodes/s00_ar_node/inst/inst_mi_handler/gen_normal_area.inst_fifo_node_payld/gen_xpm_memory_fifo.inst_fifo/gen_mem_rep[0].inst_xpm_memory/xpm_memory_base_inst/gen_wr_a.gen_word_narrow.mem_reg_0_31_108_113/RAMC_D1/CLK
Low Pulse Width   Fast    RAMS32/CLK   n/a            1.250         6.000       4.750      SLICE_X30Y71  design_1_i/axi_smc_2/inst/s00_nodes/s00_ar_node/inst/inst_mi_handler/gen_normal_area.inst_fifo_node_payld/gen_xpm_memory_fifo.inst_fifo/gen_mem_rep[0].inst_xpm_memory/xpm_memory_base_inst/gen_wr_a.gen_word_narrow.mem_reg_0_31_108_113/RAMD/CLK
Low Pulse Width   Fast    RAMS32/CLK   n/a            1.250         6.000       4.750      SLICE_X30Y71  design_1_i/axi_smc_2/inst/s00_nodes/s00_ar_node/inst/inst_mi_handler/gen_normal_area.inst_fifo_node_payld/gen_xpm_memory_fifo.inst_fifo/gen_mem_rep[0].inst_xpm_memory/xpm_memory_base_inst/gen_wr_a.gen_word_narrow.mem_reg_0_31_108_113/RAMD_D1/CLK
Low Pulse Width   Slow    RAMD32/CLK   n/a            1.250         6.000       4.750      SLICE_X32Y68  design_1_i/axi_smc_2/inst/s00_nodes/s00_ar_node/inst/inst_mi_handler/gen_normal_area.inst_fifo_node_payld/gen_xpm_memory_fifo.inst_fifo/gen_mem_rep[0].inst_xpm_memory/xpm_memory_base_inst/gen_wr_a.gen_word_narrow.mem_reg_0_31_84_89/RAMA/CLK
Low Pulse Width   Slow    RAMD32/CLK   n/a            1.250         6.000       4.750      SLICE_X32Y68  design_1_i/axi_smc_2/inst/s00_nodes/s00_ar_node/inst/inst_mi_handler/gen_normal_area.inst_fifo_node_payld/gen_xpm_memory_fifo.inst_fifo/gen_mem_rep[0].inst_xpm_memory/xpm_memory_base_inst/gen_wr_a.gen_word_narrow.mem_reg_0_31_84_89/RAMA_D1/CLK
High Pulse Width  Slow    RAMD32/CLK   n/a            1.250         6.000       4.750      SLICE_X10Y31  design_1_i/axi_smc/inst/s00_nodes/s00_ar_node/inst/inst_mi_handler/gen_normal_area.inst_fifo_node_payld/gen_xpm_memory_fifo.inst_fifo/gen_mem_rep[0].inst_xpm_memory/xpm_memory_base_inst/gen_wr_a.gen_word_narrow.mem_reg_0_31_132_137/RAMA/CLK
High Pulse Width  Slow    RAMD32/CLK   n/a            1.250         6.000       4.750      SLICE_X10Y31  design_1_i/axi_smc/inst/s00_nodes/s00_ar_node/inst/inst_mi_handler/gen_normal_area.inst_fifo_node_payld/gen_xpm_memory_fifo.inst_fifo/gen_mem_rep[0].inst_xpm_memory/xpm_memory_base_inst/gen_wr_a.gen_word_narrow.mem_reg_0_31_132_137/RAMA_D1/CLK
High Pulse Width  Slow    RAMD32/CLK   n/a            1.250         6.000       4.750      SLICE_X10Y31  design_1_i/axi_smc/inst/s00_nodes/s00_ar_node/inst/inst_mi_handler/gen_normal_area.inst_fifo_node_payld/gen_xpm_memory_fifo.inst_fifo/gen_mem_rep[0].inst_xpm_memory/xpm_memory_base_inst/gen_wr_a.gen_word_narrow.mem_reg_0_31_132_137/RAMB/CLK
High Pulse Width  Slow    RAMD32/CLK   n/a            1.250         6.000       4.750      SLICE_X10Y31  design_1_i/axi_smc/inst/s00_nodes/s00_ar_node/inst/inst_mi_handler/gen_normal_area.inst_fifo_node_payld/gen_xpm_memory_fifo.inst_fifo/gen_mem_rep[0].inst_xpm_memory/xpm_memory_base_inst/gen_wr_a.gen_word_narrow.mem_reg_0_31_132_137/RAMB_D1/CLK
High Pulse Width  Slow    RAMD32/CLK   n/a            1.250         6.000       4.750      SLICE_X10Y31  design_1_i/axi_smc/inst/s00_nodes/s00_ar_node/inst/inst_mi_handler/gen_normal_area.inst_fifo_node_payld/gen_xpm_memory_fifo.inst_fifo/gen_mem_rep[0].inst_xpm_memory/xpm_memory_base_inst/gen_wr_a.gen_word_narrow.mem_reg_0_31_132_137/RAMC/CLK
High Pulse Width  Slow    RAMD32/CLK   n/a            1.250         6.000       4.750      SLICE_X10Y31  design_1_i/axi_smc/inst/s00_nodes/s00_ar_node/inst/inst_mi_handler/gen_normal_area.inst_fifo_node_payld/gen_xpm_memory_fifo.inst_fifo/gen_mem_rep[0].inst_xpm_memory/xpm_memory_base_inst/gen_wr_a.gen_word_narrow.mem_reg_0_31_132_137/RAMC_D1/CLK
High Pulse Width  Slow    RAMS32/CLK   n/a            1.250         6.000       4.750      SLICE_X10Y31  design_1_i/axi_smc/inst/s00_nodes/s00_ar_node/inst/inst_mi_handler/gen_normal_area.inst_fifo_node_payld/gen_xpm_memory_fifo.inst_fifo/gen_mem_rep[0].inst_xpm_memory/xpm_memory_base_inst/gen_wr_a.gen_word_narrow.mem_reg_0_31_132_137/RAMD/CLK
High Pulse Width  Slow    RAMS32/CLK   n/a            1.250         6.000       4.750      SLICE_X10Y31  design_1_i/axi_smc/inst/s00_nodes/s00_ar_node/inst/inst_mi_handler/gen_normal_area.inst_fifo_node_payld/gen_xpm_memory_fifo.inst_fifo/gen_mem_rep[0].inst_xpm_memory/xpm_memory_base_inst/gen_wr_a.gen_word_narrow.mem_reg_0_31_132_137/RAMD_D1/CLK
High Pulse Width  Slow    RAMD32/CLK   n/a            1.250         6.000       4.750      SLICE_X6Y43   design_1_i/axi_smc/inst/s00_nodes/s00_aw_node/inst/inst_mi_handler/gen_normal_area.inst_fifo_node_payld/gen_xpm_memory_fifo.inst_fifo/gen_mem_rep[0].inst_xpm_memory/xpm_memory_base_inst/gen_wr_a.gen_word_narrow.mem_reg_0_31_0_5/RAMA/CLK
High Pulse Width  Slow    RAMD32/CLK   n/a            1.250         6.000       4.750      SLICE_X6Y43   design_1_i/axi_smc/inst/s00_nodes/s00_aw_node/inst/inst_mi_handler/gen_normal_area.inst_fifo_node_payld/gen_xpm_memory_fifo.inst_fifo/gen_mem_rep[0].inst_xpm_memory/xpm_memory_base_inst/gen_wr_a.gen_word_narrow.mem_reg_0_31_0_5/RAMA_D1/CLK



